T-Rex,LivingBeing,Dinosaurces,0,,Object,1024,1024,B40255DB68F1B84A9E03B60B5A09EAB7
Ballerina,LivingBeing,Dancing,0,,Object,1024,1024,1813682B5D64D730FE4F6DB50E85AC1A
Wizard,LivingBeing,Magic,0,,Object,1024,1024,B7CED33C3A25848199232A46EF4C8F78
Astronaut,LivingBeing,Space,0,,Object,1024,1024,781A880B396D92F51DFD8C1EE9510E21
Lightning McQueen,LivingBeing,Cars,0,,Object,1024,1024,D8CD44BD012AF80522712C24A64EE0FC
Artist,LivingBeing,Drawing,0,,Object,1024,1024,A38F48B7FD2043357EE965A6F1985A3C
Lego Man,LivingBeing,Builging Blocks,0,,Object,1024,1024,72224285C9EF91EC36160171A183D1C7
Lion,LivingBeing,Animals,0,,Object,1024,1024,BE26B58D2C06DB19A824AF53F68D34E8
Popstar,LivingBeing,Singing,0,,Object,1024,1024,190E74B6476E16A1B48F606D9BF5931D
Indiana Jones,LivingBeing,Adventures,0,,Object,1024,1024,A8F4414D3AAB656FE1AEFF58E1B7B531
Mario,LivingBeing,Videogames,0,,Object,1024,1024,F8393FFB84479DE4326C2D720E6AD042
Mad Scientist,LivingBeing,Experiments,0,,Object,1024,1024,31DF758F33CC65D75067E854FA9389DB
Gummy Bear,LivingBeing,Candy,0,,Object,1024,1024,CFDA44AB3BEF9D4051F46CB183F8115E
Butterfly,LivingBeing,Nature,0,,Object,1024,1024,AEB725EE3BA23D36F79766399F5720E4
Scientist,LivingBeing,Science,0,,Object,1024,1024,6C70D81AD6F48A19D8F276346CB8E7CA
,,Cartoon monsters,0,,Object,1024,1024,57696842904E70F80F2062BE0609029E
,,Cartoon monsters,0,,Object,1024,1024,4DEFA1CA08D17AF512B915B6E409A8C1
,,Dinosaurces,0,,Object,1024,1024,384CE79BB3FED3534C35713F0ED16D0C
,,Dinosaurces,0,,Object,1024,1024,833ACCE3F78268F015EA6D92CE50B499
,,Dancing,0,,Object,1024,1024,77359B82374830ADB305FEE399760131
,,Dancing,0,,Object,1024,1024,142BD2683AE466F2ECF56A8CD964ECA6
,,Magic,0,,Object,1024,1024,F2CB8BF3EFC8BFFD32643C6296A424E0
,,Magic,0,,Object,1024,1024,016802FEB3868DD48937BDFCE83AB9A0
,,Space,0,,Object,1024,1024,031DA67D5FCE9FE0586D0629F85E72E0
,,Space,0,,Object,1024,1024,5A505F82089833FE549A4DA56DE9E99B
,,Space,0,,Object,1024,1024,2B01364AF2DD3A48FCFE1A0A502E2872
,,Space,0,,Object,1024,1024,CC7D9FD72E677BB131C3DA0D6694DC65
,,Cars,0,,Object,1024,1024,8A19F63965828B9F701E9AB78B1AB4C9
,,Cars,0,,Object,1024,1024,9934F846E68B9AC395C46A6A2DDC29DC
,,Drawing,0,,Object,1024,1024,8283DBEFD4A387BBF21446074A0DB98C
,,Drawing,0,,Object,1024,1024,53ECAC8A2A60F9E764CA2FBF80FDC151
,,Builging Blocks,0,,Object,1024,1024,EC66A395CB6600420ECA1E327762291D
,,Builging Blocks,0,,Object,1024,1024,3FB23112AEB8C534450D37867A5DBC61
,,Animals,0,,Object,1024,1024,8F79148B487E89AA5CC24078D7F19DCE
,,Animals,0,,Object,1024,1024,5FC748143E16E91FB6328F63DDD3B6BC
,,Singing,0,,Object,1024,1024,4991D9C1CC880C1E97CB93DEDA41D16D
,,Singing,0,,Object,1024,1024,9DDFD041675705525864E0E1EDD71C22
,,Singing,0,,Object,1024,1024,2752B2BC80B71CB2C4EB2438B3A1CB20
,,Singing,0,,Object,1024,1024,B3AB1ABEC52AFD709BAC957DCA5376EB
,,Adventures,0,,Object,1024,1024,445DC85358819501B8C0F8CF0CF9114C
,,Adventures,0,,Object,1024,1024,0B2A635F4EB93BCB8C0998E12DB266A0
,,Videogames,0,,Object,1024,1024,829D2F2EA9B1FB5E0A22D4546D14F473
,,Videogames,0,,Object,1024,1024,B521F6412B8AB2063A37A6B07329E231
,,Experiments,0,,Object,1024,1024,8E59EEB174F48E726B13DAD70101CA86
,,Experiments,0,,Object,1024,1024,94DAFCD4BEAC47E0E676307CD2206E15
,,Candy,0,,Object,1024,1024,E6A8B9B466A6E3C2BE6BF7A157F8EC65
,,Candy,0,,Object,1024,1024,D9F21947ACE15E5B492B1567AA51A9FD
,,Nature,0,,Object,1024,1024,FABC2CFF0DE6899A5D5A3CE5213FE316
,,Nature,0,,Object,1024,1024,3E40BCA944500C3ACB242651E8AC6AD9
,,Science,0,,Object,1024,1024,ABB9E1CBB9BC406FD97CDE56F12CBFC2
,,Science,0,,Object,1024,1024,4F96D6AF0EC9D08E6FDAD3F325A5D496
,,Cartoon monsters,0,,Background,1792,1024,E8379F6EA6BAD67E0D9FE7DC2BCD2440
,,Dinosaurces,0,,Background,1792,1024,63649C6B659E5EE51D05F2C9CD45A01A
,,Dancing,0,,Background,1792,1024,7E3AF38986A09E66C41FBE2B4CC0352B
,,Magic,0,,Background,1792,1024,657B53E3C0A52E1A2E600F752DA0486E
,,Space,0,,Background,1792,1024,82792F08318BB9825C3D85FBCC2F1475
,,Cars,0,,Background,1792,1024,7B6D36FA4684743638CE0F6195DE905D
,,Drawing,0,,Background,1792,1024,2BB12A8D43FD2C05E89EADF8527C67C4
,,Builging Blocks,0,,Background,1792,1024,FB4019A0B8AC4F7749250BBCF5D66FA4
,,Singing,0,,Background,1792,1024,218ADE0E30BF8E4B4368F41182F1F135
,,Videogames,0,,Background,1792,1024,42438526B22346E56481DE5A5BF45F13
,,Experiments,0,,Background,1792,1024,629A6075536DE24FC9D15541F8F70C1E
,,Candy,0,,Background,1792,1024,CDE5427B994292917BF5C43FC6DEC3D5
,,Nature,0,,Background,1792,1024,373C2457E715E2C8620BB9674F973289
,,Science,0,,Background,1792,1024,C6D93B14CEFCF439BD31482F22A6E2A4
,,Space,0,,Background,1792,1024,A74819ABFAB0C51CEF587BA3409660EB
,,Cars,0,,Background,1792,1024,8C2FE70090180420EB0755FA90196025
,,Drawing,0,,Background,1792,1024,137EC8D017820A00344649E8F47F0FF2
,,Builging Blocks,0,,Background,1792,1024,E9AADC2B7B98AF48A955FFBBB9F25C4A
,,Animals,0,,Background,1792,1024,01A96E0FEB333B1DFCF6A2B61D56A54C
,,Singing,0,,Background,1792,1024,ADE0A57E309F4228F716B713867DD8B5
,,Cartoon monsters,0,,Background,1792,1024,C2B8C937578C4C11EC653251BD859514
,,Dinosaurces,0,,Background,1792,1024,8ADBE68012F308D7C0441D3B58C93D5D
,,Dancing,0,,Background,1792,1024,6E81C28B6980B1D553C04C04C19C109D
,,Magic,0,,Background,1792,1024,CC715ED207060F3DAF399F71E2E96281
,,Space,0,,Background,1792,1024,9BC5B9E22B9111992E1A5EA6B5E51D93
,,Drawing,0,,Background,1792,1024,E40B47F0461D6C2C62BAFEB2BE3C7A10
,,Builging Blocks,0,,Background,1792,1024,EA1C14180E14A487B51472AEB52B1B08
,,Animals,0,,Background,1792,1024,EA9041246B2570980CC469A941C6B34F
,,Singing,0,,Background,1792,1024,0D6C586901B404A73B641AE60A2B7C35
,,Adventures,0,,Background,1792,1024,05735B8B24055DCC35E4FBC4AE4325EA
,,Experiments,0,,Background,1792,1024,7056FC5B6CCACED05FF397E35E4EC8CB
,,Candy,0,,Background,1792,1024,A22CB171F5A6A67B27917D82BCDE1F97
,,Nature,0,,Background,1792,1024,29ACBFC934509C70F4B66058A7C0B9AB
,,Science,0,,Background,1792,1024,C79F88F6AECB71E01C8E6793FCE8BF32
,,Cartoon monsters,0,,Background,1792,1024,C3E674AED748093036099B0C82722BFC
,,Dinosaurces,0,,Background,1792,1024,CFB502B6AFD643312BA4E8848F08D447
,,Dancing,0,,Background,1792,1024,0A25E6F4151D72C7769D861A77F36FAE
,,Magic,0,,Background,1792,1024,2D994EECBF5B904F9F68894694A3CF6B
,,Space,0,,Background,1792,1024,DB231E3237EB6AD2228B5B66B7A1BFFD
,,Cars,0,,Background,1792,1024,5FE335933F222B2925DC1BF56A86FB62
,,Drawing,0,,Background,1792,1024,22CFF5258690EC10ACF3D35150D7C3F8
,,Builging Blocks,0,,Background,1792,1024,BBDFCE96020B461B7576A882899F1FE4
,,Animals,0,,Background,1792,1024,E197DF065A6B67C8A261C49A9329A49F
,,Singing,0,,Background,1792,1024,148EDDFA1980316B83DE3B69648A54F7
,,Adventures,0,,Background,1792,1024,F9B56F65122A0060472865FCE83C5EE8
,,Videogames,0,,Background,1792,1024,8FCF68C0F8A346D2774B86CE12146391
,,Experiments,0,,Background,1792,1024,05C776D0E30794701A743F818984DC5A
,,Candy,0,,Background,1792,1024,510A6AE4532CA67BCA1D8BAF5D181B3E
,,Nature,0,,Background,1792,1024,82E5E5C6CA6D8CE724010AAA594B46BA
,,Science,0,,Background,1792,1024,B717347CB5B60BDE93F522905652582C
Mouse,WordsStartingWithLetters,,0,M,Object,1024,1024,F6EF3901A2F3ED9E4098A47340E29233
Monkey,WordsStartingWithLetters,,0,M,Object,1024,1024,567FBD9B4EA278CAE6C3EA61B4E40654
Worm,WordsStartingWithLetters,,0,W,Object,1024,1024,511DFE40E5FEEB04333D364E7B476FE5
Whale,WordsStartingWithLetters,,0,W,Object,1024,1024,5EB062676F680F2649FFD32C4E760632
Wheel,WordsStartingWithLetters,,0,W,Object,1024,1024,99D003BA328A8A435A2CA0BD0A0CBA97
Water,WordsStartingWithLetters,,0,W,Object,1024,1024,48E9E3E8C2ACB212F0A4DA9F844E1884
Ball,WordsStartingWithLetters,,0,B,Object,1024,1024,9385E96FD5641E4CA13C35B9D233652F
Bear,WordsStartingWithLetters,,0,B,Object,1024,1024,5599306DFB03B6F8422528DBAD8BF7E8
Bird,WordsStartingWithLetters,,0,B,Object,1024,1024,439394952AB98A737051F7C7796E4617
Bottle,WordsStartingWithLetters,,0,B,Object,1024,1024,50FB66C19661B6B33DD0BEDB29AD1355
Duck,WordsStartingWithLetters,,0,D,Object,1024,1024,CDC6B0051E4114E7C3BC768351921A4E
Dog,WordsStartingWithLetters,,0,D,Object,1024,1024,730A4A9737885B15FC5F5DB47CC358F7
Doll,WordsStartingWithLetters,,0,D,Object,1024,1024,EEC93EDECA69EF335229F8518AEED615
Dad,WordsStartingWithLetters,,0,D,Object,1024,1024,C5A58CC47A3F7EBC6181C6DB7CA517E1
Hat,WordsStartingWithLetters,,0,H,Object,1024,1024,8F57A344DD9D152C9D5B90F6BD0D7D49
Hand,WordsStartingWithLetters,,0,H,Object,1024,1024,FEF4492B2A9271F849892EB527F42D3C
Heart,WordsStartingWithLetters,,0,H,Object,1024,1024,C0E8700E8C62B99DE991532279A328BE
House,WordsStartingWithLetters,,0,H,Object,1024,1024,AFAE34C66CF0065490C6DBEEE1334D6A
Nap,WordsStartingWithLetters,,0,N,Object,1024,1024,F0863339893FD808CA3D7F65ADEFF04E
Nose,WordsStartingWithLetters,,0,N,Object,1024,1024,C2C097E2A3F059C8FAF7A865C521A948
Nut,WordsStartingWithLetters,,0,N,Object,1024,1024,100A6E54C9901AF13C264C1FA161E788
Nest,WordsStartingWithLetters,,0,N,Object,1024,1024,12E881F4BD9E9FB4FA35E3F444E6052D
Moon,WordsStartingWithLetters,,0,M,Object,1024,1024,3D4FF7B8441B8C390FC246C191937409
Mama,WordsStartingWithLetters,,0,M,Object,1024,1024,969F8D7D7C35F316196D76011DF9C12D
Napkin,WordsStartingWithLetters,,0,N,Object,1024,1024,83EEFBE2967357C4119225F2AFD7015F
Noodle,WordsStartingWithLetters,,0,N,Object,1024,1024,9C38620E4AFD87E8F0CF31D9CDE38B8E
Puppy,WordsStartingWithLetters,,0,P,Object,1024,1024,F67061E51456F844EE63CFD5B625494F
Piglet,WordsStartingWithLetters,,0,P,Object,1024,1024,C0BF8308C98DBDD31229BDF1F42B7D47
Puddle,WordsStartingWithLetters,,0,P,Object,1024,1024,9DA4DBF2C6EE540B5C0C3CAD5190965D
Pacifier,WordsStartingWithLetters,,0,P,Object,1024,1024,540A41D91129B145904ABC6C10A51657
Quack,WordsStartingWithLetters,,0,Q,Object,1024,1024,AB5801A217984836C0DCC80DC84F595B
Queen,WordsStartingWithLetters,,0,Q,Object,1024,1024,025733C7432B3DD3D74DCEB0E22CB1AB
Quiet,WordsStartingWithLetters,,0,Q,Object,1024,1024,8B50CA393EEDBE0F7C6927654B23BC24
Inch,WordsStartingWithLetters,,0,I,Object,1024,1024,AD21E4DDEE1ED0090A4A2143F4D80782
Igloo,WordsStartingWithLetters,,0,I,Object,1024,1024,CCB465223C97564CA82DFEC8DA999262
Insect,WordsStartingWithLetters,,0,I,Object,1024,1024,58146A6405374BC6C0A688D2A60B61FE
Iceberg,WordsStartingWithLetters,,0,I,Object,1024,1024,D3A44D872CFD052F6DB16CDD39077131
Juice,WordsStartingWithLetters,,0,J,Object,1024,1024,95AB372C89CF1384892E0D65887514FD
Jacket,WordsStartingWithLetters,,0,J,Object,1024,1024,0063B71CE8A8A091A4113C6707A0C5A1
Jelly,WordsStartingWithLetters,,0,J,Object,1024,1024,B8B81C0794A262C8F69769F8E99C21E5
Jingle,WordsStartingWithLetters,,0,J,Object,1024,1024,A4D12C3AD0A10FCF62C0470A2F9B52B9
Fish,WordsStartingWithLetters,,0,F,Object,1024,1024,9B5EFC007C3FC3EECF0729BD1DCFB76B
Frog,WordsStartingWithLetters,,0,F,Object,1024,1024,F6E7BEFDD10777CFBEF5F791599CFC45
Flower,WordsStartingWithLetters,,0,F,Object,1024,1024,B8C046483048D5FCED67ACECA7A3DB1E
Feather,WordsStartingWithLetters,,0,F,Object,1024,1024,A34C814249CD36FE2D8B3ED67865E1E2
Toy,WordsStartingWithLetters,,0,T,Object,1024,1024,B8DA7119070D8ED2C32F5375519B2ADC
Teddy,WordsStartingWithLetters,,0,T,Object,1024,1024,3D03172095B473E9193F131ABC34C6AE
Tummy,WordsStartingWithLetters,,0,T,Object,1024,1024,99283955FB8825D93EB183A048853594
Toddler,WordsStartingWithLetters,,0,T,Object,1024,1024,4E40F43F28D9117A9D3FE2F1EB4CCDE8
,,Cartoon monsters,0,,Background,1792,1024,28203A78AD9B89FB1919D7EB2035C339
,,Cartoon monsters,0,,Background,1792,1024,AE08D8907794ACD33CBEDB3269DADB15
,,Cartoon monsters,0,,Background,1792,1024,E8815BAAF26F10A19262D98F630C2306
,,Cartoon monsters,0,,Background,1792,1024,ACE98EC4D0CE213F26771D60AC8F1AAE
,,Cartoon monsters,0,,Background,1792,1024,062CB6E74086B19D8D0B906CE9AB5465
,,Cartoon monsters,0,,Background,1792,1024,E30441DAEFBB4EF2DC95233EDB8BAA1F
,,Dinosaurces,0,,Background,1792,1024,FACF0D6906FA7A05E3769CAE21C1B2B6
,,Dinosaurces,0,,Background,1792,1024,E0BD0C7B084E29CC65668ADAC853A3CE
,,Dinosaurces,0,,Background,1792,1024,1DD3C4AEB11A08FEE446B7A4E02EFF37
,,Dinosaurces,0,,Background,1792,1024,4CF86233812DFA3C8662FBBAD296614E
,,Dinosaurces,0,,Background,1792,1024,B3AB8F3C319F37A08F210319BADE1FBB
,,Dinosaurces,0,,Background,1792,1024,5251B4E49B65AAFAC77007F65C049E15
,,Dancing,0,,Background,1792,1024,3621C958D22F27D2A07DB7C7CFE495D9
,,Dancing,0,,Background,1792,1024,9079FAD7C12CCC35B3AA3B126023896D
,,Dancing,0,,Background,1792,1024,A89E9E58B03E117EA3903FA0033241EE
,,Dancing,0,,Background,1792,1024,0BCCF0B84E29ADA5C76CF5E2C6D546CD
,,Dancing,0,,Background,1792,1024,04B54F3F1720395853BD3B253C44723C
,,Dancing,0,,Background,1792,1024,23199EB7A86DFBE48BC2CDB857ADF8AC
,,Magic,0,,Background,1792,1024,121F3D99BC43E3B47CE1554EE11BEA4E
,,Magic,0,,Background,1792,1024,11D35BABC70274756D9CF083895F41A4
,,Magic,0,,Background,1792,1024,4C12F2FB0ADBB8DBB0A7E104D5100D4A
,,Magic,0,,Background,1792,1024,75105DAE5E02EDEAB2AA709E9E89050D
,,Magic,0,,Background,1792,1024,86B51B3F403710EBB3F723E23087C709
,,Magic,0,,Background,1792,1024,81274BA341386F4ADC146DCEB11F8480
,,Space,0,,Background,1792,1024,CC45165BF233C6211AEDAF6150359387
,,Space,0,,Background,1792,1024,AA3B063378F290DDD8CB7CC833D51643
,,Space,0,,Background,1792,1024,C91FB36ECA08FD61BEFCAF8B70B9BD51
,,Space,0,,Background,1792,1024,0802B596FC70474CD5E280E74B897068
,,Space,0,,Background,1792,1024,46413649EBBAAC087D8D9D8B40F1085B
,,Cars,0,,Background,1792,1024,28FC73203F31A22ACCE9BBDD24DFD16A
,,Cars,0,,Background,1792,1024,0B1654306EDC8C055BE06D67154E2089
,,Cars,0,,Background,1792,1024,3E516F531BAA01D4612478AC22C9C2AF
,,Cars,0,,Background,1792,1024,56FFD640E0CF481612F3D938325DBA70
,,Cars,0,,Background,1792,1024,F2CC406445DDEB82C56ECE6D2510707B
,,Cars,0,,Background,1792,1024,C7228AAAB015D6186634D00A8EA899B5
,,Drawing,0,,Background,1792,1024,11C5D60599B17B4F7F899678B641FC97
,,Drawing,0,,Background,1792,1024,9CA93A03B00844C0D08A03669F0C4EEA
,,Drawing,0,,Background,1792,1024,6F0A58C4A35F863054C5A7DAA666AD16
,,Drawing,0,,Background,1792,1024,190D55451F08C577BF41A717E8A646BE
,,Drawing,0,,Background,1792,1024,915C4A5A6C612B11F66226BCF04B510A
,,Builging Blocks,0,,Background,1792,1024,138DE5F43967CA9772BDDCB4123EB1CD
,,Builging Blocks,0,,Background,1792,1024,A14BD1B8F3C6910473E9A7EC7E3915F1
,,Builging Blocks,0,,Background,1792,1024,C1A3E548B09AFAE154DAA753BC081EE5
,,Builging Blocks,0,,Background,1792,1024,3DB15E9EA184A2D28E521CA09943FD46
,,Builging Blocks,0,,Background,1792,1024,5B7AEA80A651A9EB72E6DFA2933413F6
,,Animals,0,,Background,1792,1024,5C628CC96A23CC3D6FA2546622E3071B
,,Animals,0,,Background,1792,1024,D55C6AAB2376EF9AADB2AEF0C7007DC5
,,Animals,0,,Background,1792,1024,91B333DC7A3E9F6E06216580973B1FD7
,,Animals,0,,Background,1792,1024,690E9E7A56D38E6108345930ED051FD2
,,Animals,0,,Background,1792,1024,A8CA29934745BA993749BFED2BCC1A70
,,Animals,0,,Background,1792,1024,DCF1BF3F259109507DD72A2A36AC424D
,,Singing,0,,Background,1792,1024,93BD3F903DF3D2FD33106EA2F5903E88
,,Singing,0,,Background,1792,1024,A0EC5B0359BF8688F6C45A443EE72987
,,Singing,0,,Background,1792,1024,3D98F8CD39CDB90B2F6541D3EDC0E243
,,Singing,0,,Background,1792,1024,A44A6954F58BF4093670BB0AC9EB5895
,,Singing,0,,Background,1792,1024,FCFAD9370D90855E8283C247D0B788EE
,,Adventures,0,,Background,1792,1024,F244E35D1C23E89E160975142CA90408
,,Adventures,0,,Background,1792,1024,453A0B39E0254198903CE01C19A04A34
,,Adventures,0,,Background,1792,1024,29B937CDBD438F7B393FB0DA10B7A5F7
,,Adventures,0,,Background,1792,1024,9A8CAB8CEA34534850627F0D0EF116CA
,,Adventures,0,,Background,1792,1024,CFFC649D0A64DAE5FC01E69C26162F16
,,Adventures,0,,Background,1792,1024,0DE6E119D765CB9C9114D5C1D8C62708
,,Adventures,0,,Background,1792,1024,62D1736EDD09B8C3A46AC13AAED4FF7C
,,Videogames,0,,Background,1792,1024,C7FA34D5C99D46982B602FDECDD5FC0A
,,Videogames,0,,Background,1792,1024,DB78C5D7D9758EC2BC27D2AA8EEEB452
,,Videogames,0,,Background,1792,1024,6F66DF39B86DD4B481840F60C72514D2
,,Videogames,0,,Background,1792,1024,4B7B3B1ECDA18FC533858F834A3B101B
,,Videogames,0,,Background,1792,1024,1893092063CF9639A74BCC83C2B1E582
,,Videogames,0,,Background,1792,1024,05D3F504631C35108022C6E333EFEEEA
,,Videogames,0,,Background,1792,1024,E99B41BC5CDFFF4A4830F6F89D4A90D4
,,Experiments,0,,Background,1792,1024,CC2C8F3FEA8CC3B8E40D85FD7465E0B8
,,Experiments,0,,Background,1792,1024,7EC209198D5DA5149C95458E9989FA03
,,Experiments,0,,Background,1792,1024,DF7D5447179EF01DDE91130DC367BEF9
,,Experiments,0,,Background,1792,1024,D50082C924D4D8F55D40785230A96903
,,Experiments,0,,Background,1792,1024,18DF67A5D79575A87AE6A6209F3E415C
,,Experiments,0,,Background,1792,1024,034BC7B5E5747A7AB550A758898E98C8
,,Candy,0,,Background,1792,1024,50A301288B1C075135D0D224221340E2
,,Candy,0,,Background,1792,1024,25840ADBDCFE34B402C37E4E225F6CEB
,,Candy,0,,Background,1792,1024,0431E1347627569E3052816A9377F7D3
,,Candy,0,,Background,1792,1024,7169453E6364646611ECE2DE05874B6D
,,Candy,0,,Background,1792,1024,8EB193B3B6F03F10E352A26E5147415B
,,Candy,0,,Background,1792,1024,731A601C57A427C60DFF82FA65BB548C
,,Nature,0,,Background,1792,1024,ABFBAF7FD00FAC31A572E2FD05BA557C
,,Nature,0,,Background,1792,1024,77816AF730FA03E00757AD7DA59FB7BA
,,Nature,0,,Background,1792,1024,B249350A6DA436904D00EECF8191965C
,,Nature,0,,Background,1792,1024,2E4ED29CCDB20B7824F821E762539F05
,,Nature,0,,Background,1792,1024,16771CC3F24B78802E8E20CB932A46E4
,,Science,0,,Background,1792,1024,17A26665835220E85949802F487EBAAA
,,Science,0,,Background,1792,1024,DE4CB9A59EC4E8D63E16A7DEBE6422E3
,,Science,0,,Background,1792,1024,86C71EA148A6EE5E81D09D0BC698B88C
,,Science,0,,Background,1792,1024,81BF638F110B1B3CFB79ABF6B1CE0CE0
,,Science,0,,Background,1792,1024,10396E70182462B55B39F37D12E08578
,,Science,0,,Background,1792,1024,D1D68CB571C7A94F729546F93D070D05
,,Cartoon monsters,0,,Background,1792,1024,B79948371A549D3D62D9FBB042F965B2
,,Cartoon monsters,0,,Background,1792,1024,BA4158A896ED99A7552E9F764568D403
,,Cartoon monsters,0,,Background,1792,1024,5B3C73D45BD0199ED13FEC31FB7AA225
,,Cartoon monsters,0,,Background,1792,1024,E63A7940A46946819B872A7ACB942E44
,,Cartoon monsters,0,,Background,1792,1024,2BF8BA6D368E6D35E7C50D5AE8F472EC
,,Cartoon monsters,0,,Background,1792,1024,036C66E171143AFBD9829311A50A2777
,,Cartoon monsters,0,,Background,1792,1024,85F16E6206A206F0A67615248955B491
,,Dinosaurces,0,,Background,1792,1024,63233DB402C4A3A6A4C6A0600A0F065A
,,Dinosaurces,0,,Background,1792,1024,261DDB8A9E95F7A1ACE445BA0C6253DE
,,Dinosaurces,0,,Background,1792,1024,87127010B513738478955BDDB0A06D08
,,Dinosaurces,0,,Background,1792,1024,11EE853F8E1011B78E2CBF108DD504D1
,,Dinosaurces,0,,Background,1792,1024,F0200CC7D18B60120FF986DAE4A130DB
,,Dinosaurces,0,,Background,1792,1024,E2C6088443E69B9EBE4FD8A7B85CBC61
,,Dancing,0,,Background,1792,1024,4F5D8E74AD5D717C992883824A76A521
,,Dancing,0,,Background,1792,1024,08F5C3125C2B6DFDD7004C4B64C010AD
,,Dancing,0,,Background,1792,1024,724575A04AB92DB490E0B4D5CE7227F1
,,Dancing,0,,Background,1792,1024,3B3B06D1632C779CC00572A66AC7C728
,,Magic,0,,Background,1792,1024,08E2D678165650DC93CE987F4D9E25EF
,,Magic,0,,Background,1792,1024,E70DFFC96DA7D3AE6A084DF403D9231B
,,Magic,0,,Background,1792,1024,C345281FCD6B3FFA7E68707A43F4DCF9
,,Magic,0,,Background,1792,1024,079EE90715CBA1E6E7F34868A192094A
,,Magic,0,,Background,1792,1024,54EB830B6209500066059DF91BF9CED5
,,Magic,0,,Background,1792,1024,104F1E66F561A22B1A1CA0B52C258BD9
,,Space,0,,Background,1792,1024,CF9D77C22C0E03651CA3BD5FD966717E
,,Space,0,,Background,1792,1024,6CAC3FEC3741DCE65728E3F21FB09A97
,,Space,0,,Background,1792,1024,8A66D61ECB0470E5E588304566C223E7
,,Space,0,,Background,1792,1024,EF9D9833A8486CC91F2C220575BB21BF
,,Space,0,,Background,1792,1024,BA639C2B47DBA0A2EC2F34C5CF4EABDC
,,Cars,0,,Background,1792,1024,E99E413E73060D3CAB1E09389098323D
,,Cars,0,,Background,1792,1024,BE5DE71885FAC9C0377E0F740CC19B36
,,Cars,0,,Background,1792,1024,6AB20DD97B3203CDE77D9FF63F1292CC
,,Cars,0,,Background,1792,1024,1DBE60F4D42F493D8A71E40336A38505
,,Cars,0,,Background,1792,1024,0210577B194BBCC88DC2D9F8A39E6B42
,,Cars,0,,Background,1792,1024,4D818899F65E4722DEEF319C4D381E33
,,Cars,0,,Background,1792,1024,89BFDE40EC9099933B30C5B56ECCB411
,,Drawing,0,,Background,1792,1024,D50BF0003EBF4216E46A9357E47D034A
,,Drawing,0,,Background,1792,1024,4BFA9A88BD31EE73884157D0DD6F6226
,,Drawing,0,,Background,1792,1024,2A433395388E05F61F6165EF4C2B0E00
,,Drawing,0,,Background,1792,1024,C74D1EAD82EE19C080EE196B8F4351CA
,,Drawing,0,,Background,1792,1024,8D3B52F304B1D185C80C1DCCB1BB1881
,,Drawing,0,,Background,1792,1024,B90455622230A8F3860C15A90AEF7C73
,,Drawing,0,,Background,1792,1024,8952515625A8C2AB45F7DDD1EC811279
,,Builging Blocks,0,,Background,1792,1024,57782585AAFCE945A43172791DF8BDBF
,,Builging Blocks,0,,Background,1792,1024,EFE29E4A61191BB8E4464016EC31AF15
,,Builging Blocks,0,,Background,1792,1024,F057B92BFFAADB46F9F64233FCDDDD23
,,Builging Blocks,0,,Background,1792,1024,C953463D420FFC9E397127C76E3CF591
,,Builging Blocks,0,,Background,1792,1024,0835EE7DB80AF692A78E78C3B1FED4EA
,,Builging Blocks,0,,Background,1792,1024,E36FC48004D500CB1DF9D060DE7755C3
,,Builging Blocks,0,,Background,1792,1024,9FF3CDA27DBFCE45AC7D86B05477F926
,,Animals,0,,Background,1792,1024,A1D7DC9CF8B4CA2C950923F7D0090524
,,Animals,0,,Background,1792,1024,E43548CA7A29D9F3F6C9DAB4630D3BB9
,,Animals,0,,Background,1792,1024,0EF387CD3396F84D392CEBC1972C928E
,,Animals,0,,Background,1792,1024,63A8C239EC964DA956A0C012487E36FE
,,Animals,0,,Background,1792,1024,905BF14B483EB807D967916E9AF32713
,,Animals,0,,Background,1792,1024,B96E4E24677C741B2F9CD87CE29A05DC
,,Animals,0,,Background,1792,1024,B3B56F7F6C740649030ADA05C8AD4E92
,,Singing,0,,Background,1792,1024,0EB5D052BCA846A24CF4A1C71F5423EE
,,Singing,0,,Background,1792,1024,D163CCFB073C7E4F36BA7C28CD2FB70B
,,Singing,0,,Background,1792,1024,38951C8788F2B6AD06DD9A0E67EAA59E
,,Singing,0,,Background,1792,1024,E650B3043DCBCCACE061AA96F87F9043
,,Singing,0,,Background,1792,1024,8F044A317758028B55155ED57D773D0D
,,Adventures,0,,Background,1792,1024,462D12D96BE5BB6DCFA176527E67317A
,,Adventures,0,,Background,1792,1024,DF7C44F5D37C2F9CC8C8B4CFB23AB7DF
,,Adventures,0,,Background,1792,1024,2032256C2D4C296E4249ECAB861A5B53
,,Adventures,0,,Background,1792,1024,4EAF222AAA755988612B14033151A359
,,Adventures,0,,Background,1792,1024,AAF91BA7CC36C218F46FB4B25239F1AB
,,Adventures,0,,Background,1792,1024,70029A31DAEFBA0B0B4D100315BDC505
,,Videogames,0,,Background,1792,1024,3078970D5757939226D238FC964A1F2C
,,Videogames,0,,Background,1792,1024,9678A84ED060DC75EDA90459867D6FC2
,,Videogames,0,,Background,1792,1024,9A5B7BA34F532702B9864FED4A1D7ECF
,,Videogames,0,,Background,1792,1024,4969E61F8D002D2359AFC7EE7E500FB1
,,Videogames,0,,Background,1792,1024,6B42B0E5691279892DD4600C38102268
,,Experiments,0,,Background,1792,1024,879F02D132ECF33DB1C6E3E436847284
,,Experiments,0,,Background,1792,1024,9AA65A7A07E26CB60C9AF9C2B98F9D75
,,Experiments,0,,Background,1792,1024,BA13242654F899F90FA21986033B493E
,,Experiments,0,,Background,1792,1024,14B5A92A9C4E502FADEF04FD521A4B8A
,,Experiments,0,,Background,1792,1024,DDDECC249344B970DD0CFCFB17DEDA61
,,Experiments,0,,Background,1792,1024,89C9282DC35440CD942C2B3F5C3AFBED
,,Experiments,0,,Background,1792,1024,F4E8663DC665CE940ADEF7E6236C2486
,,Candy,0,,Background,1792,1024,C075BB2EB1693D2E3C43ADC0C65AA3E0
,,Candy,0,,Background,1792,1024,78EC2B0FE90C7B7F228636703E0C1524
,,Candy,0,,Background,1792,1024,1ABDEF5672CFEECABBFD9B20D4AFFFD2
,,Candy,0,,Background,1792,1024,23BE228251A531ABABF999A75033BD6B
,,Candy,0,,Background,1792,1024,0647440BB434944CE17A983C60A9DB76
,,Candy,0,,Background,1792,1024,6BDA703185767F143D32E550ADCE8FB5
,,Candy,0,,Background,1792,1024,26E3366668A8A856646617AB04F942A5
,,Nature,0,,Background,1792,1024,D37693A18D40F70A38434E355FCE8B9F
,,Nature,0,,Background,1792,1024,0E522AEE54606CEEA459F254022DE271
,,Nature,0,,Background,1792,1024,E439CB732933F16B35F2039A1970C54D
,,Nature,0,,Background,1792,1024,C8F6848DABE37FB5568D4D6447BD0FCA
,,Nature,0,,Background,1792,1024,6A9469BE484203495B8756B23A4E87BC
,,Nature,0,,Background,1792,1024,DEB49F6950D6E8D9F864BCAEEE608FD2
,,Nature,0,,Background,1792,1024,724C4A6A06D5938F73E63950D39CDE07
,,Science,0,,Background,1792,1024,282C32AF1E25C4991BEEF911FDE06AEE
,,Science,0,,Background,1792,1024,2951D4D4E56114561F5D491FA16403EC
,,Science,0,,Background,1792,1024,FB269DB53F8177513D7B509514855076
,,Science,0,,Background,1792,1024,7334E2579C8C8B88E025B0D3BCF22E55
,,Science,0,,Background,1792,1024,C2A151BEF245F2A601282391DDA77881
,,Science,0,,Background,1792,1024,8C2BE4A70224D8E1E563236A48396097
,,Science,0,,Background,1792,1024,BEA59F8F3E162D2A1CE48529BD1DFE0F
,,Cartoon monsters,0,,Object,1024,1024,0E68D971369FAECD51AADC54407F846E
,,Cartoon monsters,0,,Object,1024,1024,3CCCF911C328A2E93E16B176B5190089
,,Cartoon monsters,0,,Object,1024,1024,2020328EF6A9AC5F8DFE593042C26EF6
,,Cartoon monsters,0,,Object,1024,1024,03B5C54D8031639455075761FA8221D1
,,Cartoon monsters,0,,Object,1024,1024,AE417C42103A4CEAE1EE7F703A4F9399
,,Cartoon monsters,0,,Object,1024,1024,CE4CF9959DA2FE0375C4DA76EAF3267E
,,Dinosaurces,0,,Object,1024,1024,C2462CB06F71FA953E1785461DFC57B8
,,Dinosaurces,0,,Object,1024,1024,13C8A336394AE391E9C5F9488508EB78
,,Dinosaurces,0,,Object,1024,1024,B4385230069BC87343BC8C66F361BA8A
,,Dinosaurces,0,,Object,1024,1024,4EB4753E8703492523DD18E2212CF336
,,Dinosaurces,0,,Object,1024,1024,E786AE0263A316741581DD93408CD45D
,,Dinosaurces,0,,Object,1024,1024,060FEEBFC57A28BFE0C6B13B28DDBFBD
,,Dinosaurces,0,,Object,1024,1024,E904B4F47DBDCC0AA422575A2F375EF6
,,Dancing,0,,Object,1024,1024,2CCD09C755B3E229EEF954DC00E260C2
,,Dancing,0,,Object,1024,1024,C76AC90E892856983357E2D4DCA2CE51
,,Dancing,0,,Object,1024,1024,640CD64F99A4456054C438BD8114D063
,,Dancing,0,,Object,1024,1024,684128CE9A7C3287B26DF763DBDF9828
,,Dancing,0,,Object,1024,1024,BF14A99C997456BC20BA7FDDB8117B55
,,Dancing,0,,Object,1024,1024,DAC2B56AA25F3A9A146A1A62517B5A7D
,,Magic,0,,Object,1024,1024,0E09446B33BBE9C374F67D41D2461F6E
,,Magic,0,,Object,1024,1024,C30FCD60EAAA9EBEE215FDAB4E95D3CD
,,Magic,0,,Object,1024,1024,C741D54F9477C86345F837C31E1B6282
,,Magic,0,,Object,1024,1024,4AAECA69974ACD367D349CF64FDEA5D5
,,Magic,0,,Object,1024,1024,BF308F0F58CA6CB892AA40548B94822E
,,Magic,0,,Object,1024,1024,A15A181882916C54D36066ABE4935E2A
,,Magic,0,,Object,1024,1024,DE50A241C3F7FD2E9DF57464C68694DF
,,Space,0,,Object,1024,1024,743F4B51BF47524C42792E1C0B1FA262
,,Space,0,,Object,1024,1024,64D92A7F54DB0B73E6471E249AAD4AC3
,,Space,0,,Object,1024,1024,8127E3CCD63DAC48AD30761B63BFB19D
,,Space,0,,Object,1024,1024,E3A42A34EB34FA380B61E2E57F61F0F0
,,Space,0,,Object,1024,1024,FA803A17E48D2F397E685A15B9A7170C
,,Cars,0,,Object,1024,1024,16F7900D7CED953D4CBC1FEFEA4DC98F
,,Cars,0,,Object,1024,1024,575C80988A919CB26B065B89493461E4
,,Cars,0,,Object,1024,1024,73FEB36EE321903FA2D3561A51309368
,,Cars,0,,Object,1024,1024,C40FCB8B180E81CF7A002D45978F3844
,,Cars,0,,Object,1024,1024,6B2896513F114A9167C9198EBADFA88C
,,Cars,0,,Object,1024,1024,B952872604ABBD1D7BB8F169829A82A5
,,Cars,0,,Object,1024,1024,A3B0976A983898D53EFE6B17876C4E43
,,Drawing,0,,Object,1024,1024,1EA5F3968584B5955796136E359F4730
,,Drawing,0,,Object,1024,1024,78079CA5AF269242F9E50AFD7244EF94
,,Drawing,0,,Object,1024,1024,D10A0642CB22E7009287CE4BA493FE2F
,,Drawing,0,,Object,1024,1024,B06F999CBAFB80B6613011F1C6F1821F
,,Drawing,0,,Object,1024,1024,CE4A3E632A559666494FA0F288A155BD
,,Drawing,0,,Object,1024,1024,59C47441B18134EF6A8D8B1CAEAC2C72
,,Drawing,0,,Object,1024,1024,E5F4C222F151756B30CE060183966E41
,,Builging Blocks,0,,Object,1024,1024,94DA680C25650C909FF5778F4968CF62
,,Builging Blocks,0,,Object,1024,1024,F135742F74F8AC971B86AF0E941D4F9C
,,Builging Blocks,0,,Object,1024,1024,5B5234A023879EC8BA2C1B97E31D3606
,,Builging Blocks,0,,Object,1024,1024,3501AD94C5353B85E95A2E975FD087A0
,,Builging Blocks,0,,Object,1024,1024,960C30FA1F40843A4F19F9AF17B444E9
,,Builging Blocks,0,,Object,1024,1024,4728968AEC1503033C3A448F52E047ED
,,Builging Blocks,0,,Object,1024,1024,4C58BE6D8E2C35F844E6DE15C6BFA94A
,,Animals,0,,Object,1024,1024,871A529B9764F0096B7978BD3807FB56
,,Animals,0,,Object,1024,1024,F5C2317A1D058EBE548972643683F4DC
,,Animals,0,,Object,1024,1024,67276BBBAE2FD61E1E92A721F1F9F23D
,,Animals,0,,Object,1024,1024,1095339AA9A9CD8E84BBDF20654D28BA
,,Animals,0,,Object,1024,1024,E100A5AD74ED0DE32948AFC2A99C9F16
,,Animals,0,,Object,1024,1024,94A970A77F04FCBB9D37C447BD5B3061
,,Animals,0,,Object,1024,1024,FE2495CBAACF71EBA082AC0CB40A1D8E
,,Singing,0,,Object,1024,1024,27B14A778697B12B9E1F75DAA2B9EA83
,,Singing,0,,Object,1024,1024,803DB0A647B5753032F898B67759674E
,,Singing,0,,Object,1024,1024,0A360C09F9ED38A7A93D1C2A0BBBDF9E
,,Singing,0,,Object,1024,1024,10A9A8A95F6F1487597E8B1230685C03
,,Singing,0,,Object,1024,1024,B1DE2BBCDC24CFE1C6115EEE42A0855F
,,Adventures,0,,Object,1024,1024,53AA77434F99C595DC582983D06CF8A5
,,Adventures,0,,Object,1024,1024,FDF13323E984219ECFE43EC12EDA06AC
,,Adventures,0,,Object,1024,1024,B92AA10FBB076B59585D53967EF616D4
,,Adventures,0,,Object,1024,1024,BC68F2E29519CA071BD7CBC85174F56A
,,Adventures,0,,Object,1024,1024,827D515217D8321A81FDD6FBF22CF12C
,,Adventures,0,,Object,1024,1024,1E9B106132F25203D1548DF088B60A0B
,,Adventures,0,,Object,1024,1024,3B68E9A9D09E1A29DE493C1CF98BA118
,,Videogames,0,,Object,1024,1024,C93C6AA0A339FB71C49C05D2F1019703
,,Videogames,0,,Object,1024,1024,CB5E96975941279970EE577D79CC4155
,,Videogames,0,,Object,1024,1024,D90F0E4F4415482BED60E4945D139688
,,Videogames,0,,Object,1024,1024,91F0751516B46F16C576B83E8BB1F4E7
,,Videogames,0,,Object,1024,1024,AD52D9EE10E72F400692486ABB5A89BB
,,Videogames,0,,Object,1024,1024,27FE93C0EEC5C687193064B60F3706CD
,,Videogames,0,,Object,1024,1024,276860DF9DD9C2E8BF843E05A9F215B9
,,Experiments,0,,Object,1024,1024,00B1A299361AD38D7AAD5F8B2EA90319
,,Experiments,0,,Object,1024,1024,0F0ED812DBA856C1CA272B6B1B177DA2
,,Experiments,0,,Object,1024,1024,06545BE900F6DE90FEB1DADEFD6AB551
,,Experiments,0,,Object,1024,1024,17CA9D48B95BB556B7EE786A35583F45
,,Experiments,0,,Object,1024,1024,D28D055B85AF15456AB378FD66A2CB24
,,Experiments,0,,Object,1024,1024,DACCF078A52F54C0C325A7F4A1FFD47D
,,Experiments,0,,Object,1024,1024,B3CC73F06E2D927964D24F17185CB4B9
,,Candy,0,,Object,1024,1024,C92D0231A557B64D24902E8FE7674DF3
,,Candy,0,,Object,1024,1024,484E90E8EA6152EF2B299B418C42A892
,,Candy,0,,Object,1024,1024,010A2B84854B3BC35D067168B6B6A636
,,Candy,0,,Object,1024,1024,DF1FB1C117829CB1BEE9C03676B57EDF
,,Candy,0,,Object,1024,1024,F6914AA3834C5C02536A0FA4B5CEAD48
,,Candy,0,,Object,1024,1024,C0AE0D6D2E8A6734FE3D7E0718511652
,,Candy,0,,Object,1024,1024,37C10531DF28727854208D7CEC4B3568
,,Nature,0,,Object,1024,1024,E93E7641836A89C79B1C7948A66A8565
,,Nature,0,,Object,1024,1024,0E98F52069B64D4D4357F87EA0953537
,,Nature,0,,Object,1024,1024,D12D0DB5E680D3FC61F810665FFA56DA
,,Nature,0,,Object,1024,1024,8B633570BB2E3AE8218AE5D24EF4BFC0
,,Nature,0,,Object,1024,1024,C4BFC44FB29BB9CE0EC540BA65C169AE
,,Nature,0,,Object,1024,1024,59D431E15CC9761236A916FE62724F84
,,Nature,0,,Object,1024,1024,EA887217A7A5A72CB635CE4DB01C6F2A
,,Science,0,,Object,1024,1024,3AC51CA28BF43ED921AB623229DE593D
,,Science,0,,Object,1024,1024,E35B1A1E7E76868B32B355720B6F0B35
,,Science,0,,Object,1024,1024,E6CD66D36A7EA5AC23AD332506994E6F
,,Science,0,,Object,1024,1024,C0AFFE00E7C56D47CDCA0A5D28284FA2
,,Science,0,,Object,1024,1024,B31A16F9F8507D9EEB22A9DECC95C3A5
,,Science,0,,Object,1024,1024,13078E27B6EDAB30178507D76063B7C8
Cat,CVC,,0,,Object,1024,1024,D53423C65DAC638027CB834011F99EDB
Dog,CVC,,0,,Object,1024,1024,18BE638A4403AA8B49719BFA5D309485
Hat,CVC,,0,,Object,1024,1024,BEF42F1A4FA3CE58B43C717203E884C8
Box,CVC,,0,,Object,1024,1024,C32C70E2AECE2A801284A1FD56A0CAF4
Bat,CVC,,0,,Object,1024,1024,48D76DFEE8C0F88BC5510B60FE5BEDCE
Mat,CVC,,0,,Object,1024,1024,B791EFAC9714B3FC596871BEB01CF537
Rug,CVC,,0,,Object,1024,1024,3799EB3451D95C9C24B5F28A9BC83F7F
Bus,CVC,,0,,Object,1024,1024,31F046F83D6DAA3E7C291C981A36CAE9
Mug,CVC,,0,,Object,1024,1024,FEACC44920CEC25D59C9480EAF2F9695
Lip,CVC,,0,,Object,1024,1024,3B981593AA3D50B327805D5DE54B0A14
Net,CVC,,0,,Object,1024,1024,C7D8E1F0987072E275BEFA9994A588C6
Pot,CVC,,0,,Object,1024,1024,F2D7B1DE2BCC84EE5B54786B1DAD68F0
Sun,CVC,,0,,Object,1024,1024,9C2A15740A2CFA3B5DDBC412BB52D4A2
Fan,CVC,,0,,Object,1024,1024,46CAD5144A253E975905F7AA04B0E433
Doc,CVC,,0,,Object,1024,1024,21402C47963A4205FAB2FF50C7522FB3
Jar,CVC,,0,,Object,1024,1024,32F72393E7A33CACE255766C2F8C3AFD
Pig,CVC,,0,,Object,1024,1024,17E98057AA60AA40CD52743686CEEA07
Fix,CVC,,0,,Object,1024,1024,8097E2FEF376587991D59E5065D8F0C1
Zoo,CVC,,0,,Object,1024,1024,5C5DA0576D9E88F32F36F7C529621BE3
Leg,CVC,,0,,Object,1024,1024,12FE7DD6EE07CD2D62977AC995CA41C4
Ten,CVC,,0,,Object,1024,1024,012D8C2AA3D637391E72DBE3F7600348
Vet,CVC,,0,,Object,1024,1024,03581A69C6F3D90E3ADF54B805D8E49E
Wag,CVC,,0,,Object,1024,1024,C649803F40DD424F81980D227F02DEA1
Bed,CVC,,0,,Object,1024,1024,0E4264A5F620CD6CC0FD191CB1BFF7D9
Pen,CVC,,0,,Object,1024,1024,612992338B3B9BD7586E4961D810043F
Fox,CVC,,0,,Object,1024,1024,91197D57A0B612051858A066CBF55DB2
Car,CVC,,0,,Object,1024,1024,1D518A39F580D9976609BEE0C20A1D4E
Jam,CVC,,0,,Object,1024,1024,76293EF784FE551B1F6AD6C0F73CC1CD
Hen,CVC,,0,,Object,1024,1024,3980F0D6D2587C4F3E4A42AE4600B1D6
Bug,CVC,,0,,Object,1024,1024,F66BE780C45D2C6D223B6F29B3A883B9
Cap,CVC,,0,,Object,1024,1024,F3F57375ECB7DED58DE8985250483F6C
Wig,CVC,,0,,Object,1024,1024,0493F14E15124F9C89E4ED67CBA20368
Van,CVC,,0,,Object,1024,1024,A4E1E50CC3A722E3577BD557BCDB7BD5
Bun,CVC,,0,,Object,1024,1024,F85652A458706527A938AB29CF23D0DA
Zip,CVC,,0,,Object,1024,1024,19C19F18B12763281A0316620F05551D
Jug,CVC,,0,,Object,1024,1024,4C1A3AEC9414B04D782D2DD9148D789F
Ant,CVC,,0,,Object,1024,1024,C7B766125B1F8F4FEF00146F985F82F5
Map,CVC,,0,,Object,1024,1024,98CE870CD7FE8764D67C623E014C581D
Hut,CVC,,0,,Object,1024,1024,35502C9F15AE90E816CFFA12989E6B7A
Lid,CVC,,0,,Object,1024,1024,9A1F3A34B85ECFF14A74BED560721235
Fog,CVC,,0,,Object,1024,1024,733BCDD3D590244242050A730976C2C3
Nut,CVC,,0,,Object,1024,1024,78AB5110243095EEFB3B45907EA3BD28
Rat,CVC,,0,,Object,1024,1024,0875B8A50B742F97FC7780C368B05AD6
Gum,CVC,,0,,Object,1024,1024,2C2F9EAF49C4BDBC2EC83D836C087E8F
Log,CVC,,0,,Object,1024,1024,9311325547C4149711DD7F44B2D7983B
Jet,CVC,,0,,Object,1024,1024,29A7340B06FBFF2E58842136BAED3E47
Bin,CVC,,0,,Object,1024,1024,CA53278A9F1EB1C4ED2CAAEBC79D4A8E
Kit,CVC,,0,,Object,1024,1024,307CE48D1064207A956EB8F0DF8B9347
Cup,CVC,,0,,Object,1024,1024,21B5A2E77C0C7634D69C72B0DB2C6D93
Frog,CCVC,,0,,Object,1024,1024,CEBA779A4C56C166C66E6319125F7AF4
Drum,CCVC,,0,,Object,1024,1024,DE5BA10A767521E3B17663FA1279129C
Flag,CCVC,,0,,Object,1024,1024,CEFA7FC52B63F140FC200992F86F0C26
Tree,CCVC,,0,,Object,1024,1024,8F54EFD0C8C7DF6AB83B621857E826C3
Crab,CCVC,,0,,Object,1024,1024,6CB1FABD55F4DE9EC64FAF8B70731E3E
Slip,CCVC,,0,,Object,1024,1024,C9A9A140D232BEA97494998EC815E562
Plug,CCVC,,0,,Object,1024,1024,00676A0A1D5BEBF7DDBE7D1CF9DD323C
Duck,CCVC,,0,,Object,1024,1024,DAA97EEB130292C304F1785F774C087E
Star,CCVC,,0,,Object,1024,1024,D357207D3BF9D687B2C9535D5D6610EF
Step,CCVC,,0,,Object,1024,1024,9752A30726DA2745D545AD5995F60719
Spin,CCVC,,0,,Object,1024,1024,334EFD08C1B2246C08B202C9184EFC45
Spot,CCVC,,0,,Object,1024,1024,81B1962FBC116BEC7D16E5BA66183D48
Stop,CCVC,,0,,Object,1024,1024,BE13C5708978AA48DFAA24AF4784129A
Swim,CCVC,,0,,Object,1024,1024,CD1A64B75440EEDF8750EC33BFBAAC83
Drop,CCVC,,0,,Object,1024,1024,2FEE27DF5DFF545225D28F5636B19B31
Clap,CCVC,,0,,Object,1024,1024,E39460D12F304D41AC9CBF509D3364B8
Mask,CCVC,,0,,Object,1024,1024,43BBA4EDDA9E1943315A1033AF9033B3
Swing,CCVC,,0,,Object,1024,1024,57D6BDDEA39E64717C9EDE8A0527CCA8
Crowd,CCVC,,0,,Object,1024,1024,B8572EDE516B7941E22035D173468278
Brick,CCVC,,0,,Object,1024,1024,51C2CB39A57E9638F9E5698297695AF7
Clown,CCVC,,0,,Object,1024,1024,67C24026C59D47EA5F1F77D7F4BF663A
Shop,CCVC,,0,,Object,1024,1024,6630FB90DA031C8C9288C2A1CEE58A6F
Trap,CCVC,,0,,Object,1024,1024,3DC360105CB4A51DE3CB60DABBE77075
Plant,CCVC,,0,,Object,1024,1024,B630348E636CCD4995237560EA4B58D6
Glow,CCVC,,0,,Object,1024,1024,DDF372BCECDD586E6D9A76A2D2FB27C6
Clip,CCVC,,0,,Object,1024,1024,B875268C226D4A3E970DC5831DDAC19A
Skid,CCVC,,0,,Object,1024,1024,8173B1185B05B8E4F3D45813D57B1034
Plan,CCVC,,0,,Object,1024,1024,D768E680423E79C1372DA3E3F1B9F2EE
Snug,CCVC,,0,,Object,1024,1024,7C2D5C4BB473DE0BE7662818C1E7B3CC
Truck,CCVC,,0,,Object,1024,1024,48810F09A8E6F6912A11F56A27B8BF8E
Stick,CCVC,,0,,Object,1024,1024,541FFA0D386A2619A6381E001D385F3D
Grass,CCVC,,0,,Object,1024,1024,460D1CD88327AC10E079A30772FA0994
Brush,CCVC,,0,,Object,1024,1024,F5F27647AB671F3DFD9A9D696D805E8A
Club,CCVC,,0,,Object,1024,1024,4DC6B9D92B6C9C59AC1DD95639753FDE
Frisk,CCVC,,0,,Object,1024,1024,6EBCF84856E69CAD2EB15F6CC5094177
Crop,CCVC,,0,,Object,1024,1024,7E5732A31D924510440745A99AECCEE1
Desk,CCVC,,0,,Object,1024,1024,65D2BA4B2BDC7468934654AD7556A29E
Flip,CCVC,,0,,Object,1024,1024,04DD0BE88612F44129FA16B328752EE9
Trip,CCVC,,0,,Object,1024,1024,80AAF74C14692A9B1BC50D6D6B86F0DB
Skirt,CCVC,,0,,Object,1024,1024,EFD6E2E3F9084D16EA16B65DEF8851A1
Claw,CCVC,,0,,Object,1024,1024,56283EC9EC5382026ACE1FDA9011AEF7
Snow,CCVC,,0,,Object,1024,1024,DD058962950A065144185759C7AB13DD
Blend,CCVC,,0,,Object,1024,1024,B5C414E6595D10AFC76649EED15D4E80
Grip,CCVC,,0,,Object,1024,1024,457793668AA9A177792C35C78CF1DEE8
Skin,CCVC,,0,,Object,1024,1024,D556795C872D83C27B6FB95A949D3F31
Blow,CCVC,,0,,Object,1024,1024,A604C52EDD9713B5C39DE0130507A86A
Duck,CVCC,,0,,Object,1024,1024,02B391022F0663ECF3BD4FC9C0168CFD
Milk,CVCC,,0,,Object,1024,1024,EAE5DAFCB8D660221B64BE19C9F521A0
Hand,CVCC,,0,,Object,1024,1024,2B5C43F38F1965B859ED0F659028849B
Ball,CVCC,,0,,Object,1024,1024,484BCB38E6EBBBB23D562563186B8D7A
Lamp,CVCC,,0,,Object,1024,1024,A2F462079A3A9F9FBA5B93611E1A68C7
Sock,CVCC,,0,,Object,1024,1024,92918A90ABF884D779E89836E499CC2D
Jump,CVCC,,0,,Object,1024,1024,F06656C76C1651C9951D612AC14A422E
Fish,CVCC,,0,,Object,1024,1024,1F9BA8F6C48AA2E6A299F0F3CCD62A6B
Bell,CVCC,,0,,Object,1024,1024,811CC49AB7EE7FFA17F0059269CE436A
Rock,CVCC,,0,,Object,1024,1024,7FC6A13845C70B07952AD5B409B3CF93
Pink,CVCC,,0,,Object,1024,1024,AC5C8E3D0606A8FE225D8D83A9643D6D
Sand,CVCC,,0,,Object,1024,1024,74A27EE2D94125D6765AA6203BCDC40B
Desk,CVCC,,0,,Object,1024,1024,6FA8B16A6F3F67E05B9FC406C875A47B
Tent,CVCC,,0,,Object,1024,1024,0C1E9D24EC3CABD2F2492E08567A71C2
Corn,CVCC,,0,,Object,1024,1024,F1E62B30CCAC6A90E5D417E56C65162B
Wolf,CVCC,,0,,Object,1024,1024,3135A58FCD9C37E17BA68BF0723D7794
Bush,CVCC,,0,,Object,1024,1024,B46393854D9A8FBCD7B0BE52DCA03948
Pond,CVCC,,0,,Object,1024,1024,24BB004BF1A916EF0C912191AAD8E296
Bird,CVCC,,0,,Object,1024,1024,5632CD3420265B78B10D472F1984EEDC
Club,CVCC,,0,,Object,1024,1024,DB5CFE62A1D5C8C9E8B1F663261C851E
Frog,CVCC,,0,,Object,1024,1024,22BCBE97CBC02E32141F0333DDB754DB
Hill,CVCC,,0,,Object,1024,1024,BB26D614F4E6EEE18784DE7E7D7F2E83
Ink,CVCC,,0,,Object,1024,1024,94A01086BF4655E95A870D6C48C74FFF
Ship,CVCC,,0,,Object,1024,1024,3E86F4193C2BE9AD427A2A908B9BA7EC
List,CVCC,,0,,Object,1024,1024,6A4C15927364F8E596412F448751BD0A
Sink,CVCC,,0,,Object,1024,1024,D27E6C545D5B59F68771CC9DA29E449E
Fast,CVCC,,0,,Object,1024,1024,592E03CDF7276FA8AFD5EA3CDD49DF4D
Bank,CVCC,,0,,Object,1024,1024,A9C7C833317BB5C0AF67F51AB6900DCD
Soft,CVCC,,0,,Object,1024,1024,8EC8BCB2387B17F4F58555FA16135611
Lock,CVCC,,0,,Object,1024,1024,F2AEEB9F6A1E2AD767F9BD9ECD6CA9AE
Neck,CVCC,,0,,Object,1024,1024,C4BA0BFA808B9380E61710F0C3D796E3
Belt,CVCC,,0,,Object,1024,1024,A9F7303551D574C0A844982BD3E92AE8
Mint,CVCC,,0,,Object,1024,1024,49C37315FD4BF72FC417836668733632
Lost,CVCC,,0,,Object,1024,1024,9A50EEB02526126AA5406E557DCF9957
Bark,CVCC,,0,,Object,1024,1024,B34FD9F0D3559537DC7268B7FCA1A63E
Wind,CVCC,,0,,Object,1024,1024,4636CAB3E08B47ED889DB6C29DBBF887
Fork,CVCC,,0,,Object,1024,1024,C10FC8336BC6EF376816D347C282C6C8
Land,CVCC,,0,,Object,1024,1024,2ECCB9B6A745D13A096304B3EB5BEA76
Moss,CVCC,,0,,Object,1024,1024,E548AB33AB6A0945A5130F29FABE4FBF
Card,CVCC,,0,,Object,1024,1024,1BB04693BC1F7C09B640A2DC365A2EAA
Crab,CVCC,,0,,Object,1024,1024,F78ECCBF4655F9863945DEC51887E3E0
Flag,CVCC,,0,,Object,1024,1024,CAFBEDD870A09D56215D763CA6A5EF7F
Mask,CVCC,,0,,Object,1024,1024,ACD89E2BD850D4B422DF90C376CD04CA
Hold,CVCC,,0,,Object,1024,1024,8215FA4B52874BF7F5453CED6735A916
Farm,CVCC,,0,,Object,1024,1024,04096F89E8851558AC1CA15FD09AAC1E
Path,CVCC,,0,,Object,1024,1024,B587189630FF456EBC5A84495F3E1EB0
Truck,CVCC,,0,,Object,1024,1024,0CBACD4A833A2FE053D4B102D0B430FA
Ring,CVCC,,0,,Object,1024,1024,E3064F690F256B50092FCC75C9BC4F3B
Drum,CVCC,,0,,Object,1024,1024,0304AFA27DB9648ABBD90B28F904897C
Bold,CVCC,,0,,Object,1024,1024,CE52B0CB37C518559963351BCE0E2E47
Tusk,CVCC,,0,,Object,1024,1024,F9DDE2564109B553CCBEB805AB0F7298
Nest,CVCC,,0,,Object,1024,1024,451F0E6243A63870BB008316DB61D390
Park,CVCC,,0,,Object,1024,1024,D37BB66BE07953F0F4F122D10F15B137
Hunt,CVCC,,0,,Object,1024,1024,D984056BEDE6A4BF9529C6D6F66FA3F5
Risk,CVCC,,0,,Object,1024,1024,EF9989C71236BCC35D2911152E47D549
Camp,CVCC,,0,,Object,1024,1024,31E89A99E3F56536FD8F6C69EBECE6AC
Luck,CVCC,,0,,Object,1024,1024,0A88892BC3661AFAFAEE0C632097D0EB
Gift,CVCC,,0,,Object,1024,1024,0937877C93A36FC7CA1A342232F79221
Kick,CVCC,,0,,Object,1024,1024,AECCB8D18C5AC8C27D9D1D58833D857A
Plant,CVCC,,0,,Object,1024,1024,2EBED942D0EEBF131FE70FD2D6053A2B
Trust,CVCC,,0,,Object,1024,1024,E6C2A1D8F8A824A8D02C92184EF9699F
Cake,CVCe,,0,,Object,1024,1024,B9CD7E27F304B8B4F86C44B1512C9030
Game,CVCe,,0,,Object,1024,1024,327ECD7996A18BBC7322D396CFE80490
Bike,CVCe,,0,,Object,1024,1024,75AE8E143197258D6C5E52B52916C293
Kite,CVCe,,0,,Object,1024,1024,62FACE34B8A5E50B16CD01B1AEBED743
Home,CVCe,,0,,Object,1024,1024,0280C63E1C0022B9D60AED225CBDC33E
Mule,CVCe,,0,,Object,1024,1024,01B9B8B508ADCC7F08DF700B58CD2D19
Hike,CVCe,,0,,Object,1024,1024,B7D03E2AD35AD52E7F4BA8505191F4ED
Tune,CVCe,,0,,Object,1024,1024,539840D8D8E0DE552FA0C0BFCD72EBEF
Cube,CVCe,,0,,Object,1024,1024,A03B5E4CA8939807C9FF2257258B9EB5
Nose,CVCe,,0,,Object,1024,1024,DE4B5E02C89D278FC87BC91845A99345
Rose,CVCe,,0,,Object,1024,1024,FA3CAA2963922A871C1C6604044FCF7D
Date,CVCe,,0,,Object,1024,1024,3F999F38CA602DE1B2479E57DCB50718
Bone,CVCe,,0,,Object,1024,1024,21AF46CDE57269C53A6527FB3AA8EC53
Face,CVCe,,0,,Object,1024,1024,EC31E8543DE9133ED01EF9D0CB89FFEB
Rope,CVCe,,0,,Object,1024,1024,62FDBF2AA8A9A324132B2D7EDA4B986D
Dove,CVCe,,0,,Object,1024,1024,F48D8C47E4263D12CC56B70303DBE9F9
Cane,CVCe,,0,,Object,1024,1024,5F1CE255F85B46A968EFDCFED32D52F2
Hope,CVCe,,0,,Object,1024,1024,322A0B08AF15B52358CDCCB77EF4F9DF
Jade,CVCe,,0,,Object,1024,1024,331DD254095CC7C4F7FD2215113BD7AB
Rake,CVCe,,0,,Object,1024,1024,A208B83BF0016A0A16A84383ECEEFFF7
Lime,CVCe,,0,,Object,1024,1024,B7ADD3FF61CE0F70D050CC1A8CDCBABA
Nine,CVCe,,0,,Object,1024,1024,D378F2D755C17C0B568EA43381412FBD
Cape,CVCe,,0,,Object,1024,1024,97D957E740D77345A9053DD01AE95BE6
Mice,CVCe,,0,,Object,1024,1024,F7C53C9D559273C92494AA08C72C7BCF
Gate,CVCe,,0,,Object,1024,1024,2A4FB63A55B6AC5B0CD67C622CE39782
Dime,CVCe,,0,,Object,1024,1024,EC2ED2DD91E6F00F4E72427314421D34
Hose,CVCe,,0,,Object,1024,1024,1DF423968F9BE68CD6A00B14A6D3EE7E
Lake,CVCe,,0,,Object,1024,1024,2E97AAA3B945A3BFBD4C270A8046EA94
Pine,CVCe,,0,,Object,1024,1024,F662B759D3812D3E7D5BA31A54001B21
Tube,CVCe,,0,,Object,1024,1024,812AE5DE69D0E5C1C3BC48AE05B74D61
Vine,CVCe,,0,,Object,1024,1024,2F882CA071CD5B55AA6A37C0F7B8890C
Wave,CVCe,,0,,Object,1024,1024,07D31A5FCDD4BB98D1BB0CCCC2860CA9
Zone,CVCe,,0,,Object,1024,1024,FC95C59B09EE1E5A84402728BEB089B9
Page,CVCe,,0,,Object,1024,1024,D2FA9FFA3AA0C24243CC37B725D10E57
Ripe,CVCe,,0,,Object,1024,1024,15EE65C22F4317993CFA7365357AB7BF
Time,CVCe,,0,,Object,1024,1024,8C1055142020D170271E394F4373BF79
Vase,CVCe,,0,,Object,1024,1024,671805D8A945F7083C540D1DA1D4D668
Lone,CVCe,,0,,Object,1024,1024,01D5E914747DEFCB3E59B17B723298B2
Ride,CVCe,,0,,Object,1024,1024,BC870DB681C6DE42B994BEE1B51FA131
Gaze,CVCe,,0,,Object,1024,1024,1DA853E693C66D7631D36B7AA26EEA0E
Wipe,CVCe,,0,,Object,1024,1024,7DCEA1C04CFAB5FB0723516B8386BE2E
Joke,CVCe,,0,,Object,1024,1024,98F65077D38D471C189B1F4E30B228BE
File,CVCe,,0,,Object,1024,1024,7057D0877B46FE5CDD2D7FD50FAFDDE1
Dune,CVCe,,0,,Object,1024,1024,C07532D98AA257FEFC991A6853D8ACFC
Robe,CVCe,,0,,Object,1024,1024,A990579AE38C1DC4AEAA48A99E350608
Knife,CVCe,,0,,Object,1024,1024,70A3B138FBA9E43FCC5EE77325EB7BAB
Grave,CVCe,,0,,Object,1024,1024,4584432F2FAA01FB955EF72DEFFD32A7
Pole,CVCe,,0,,Object,1024,1024,67B4AB90E623641992091A2E8512BFB1
Fume,CVCe,,0,,Object,1024,1024,B30B579F9E17729E827DFB47F9676E50
Gene,CVCe,,0,,Object,1024,1024,CEDC642ACFF6FF17F9001259386DDCAD
Mane,CVCe,,0,,Object,1024,1024,9639C77E0A9A638E4DF37EF4AA7E911D
Cone,CVCe,,0,,Object,1024,1024,AAE018D30A0BBE076CA10E28602DD512
Lane,CVCe,,0,,Object,1024,1024,F199EF24A50826509666CA7BE990168A
Duke,CVCe,,0,,Object,1024,1024,513AEA09B9F23FB22F532B0613A39154
Life,CVCe,,0,,Object,1024,1024,B2CA77EEEEC5E03B6EF8B5EA117F4A8C
Side,CVCe,,0,,Object,1024,1024,70E4C7051DB78A2B82B3FE549767902E
Lobe,CVCe,,0,,Object,1024,1024,4A46FFDD9F42CD03FBB077685DD17627
Hive,CVCe,,0,,Object,1024,1024,2194B63F89481C276F1692831458C351
Fame,CVCe,,0,,Object,1024,1024,C9D32D573E8A88968D7F00F967317097
Sale,CVCe,,0,,Object,1024,1024,481AF2E77F97BFE2DFAB254F5891D786
Boat,Diphthong,,0,,Object,1024,1024,32D573EA8156EBCB02EF305433490246
Coin,Diphthong,,0,,Object,1024,1024,9E391CF53959226EA0441D7724331D5F
Bait,Diphthong,,0,,Object,1024,1024,72BBA51A0FCD8C97FF1DF5B3B1FBDB0B
House,Diphthong,,0,,Object,1024,1024,12922BCE631787483D49471F36F4D6CD
Mouse,Diphthong,,0,,Object,1024,1024,AEF69BCE808BAF10CEC8DAD13018F5A5
Juice,Diphthong,,0,,Object,1024,1024,70703D1597520524ACC9CA728D9E934C
Toy,Diphthong,,0,,Object,1024,1024,766DB0AE156931C964CDCB18F38ADF8F
Boy,Diphthong,,0,,Object,1024,1024,DAF14E575C9633D5B15B374B878EA994
Egg,Diphthong,,0,,Object,1024,1024,09B0CF82A84E7095A7805FDE3F51E4C5
Bear,Diphthong,,0,,Object,1024,1024,CC36F4F213C7472D0DBED72B892A52D4
Hair,Diphthong,,0,,Object,1024,1024,008A0E9D5CA9FF5B08FCC600787FBE80
Chair,Diphthong,,0,,Object,1024,1024,8FED92895E83061A5B4983129EEDCFA3
Rain,Diphthong,,0,,Object,1024,1024,767FCF642D9F8F64D9BE3A294031F50B
Cloud,Diphthong,,0,,Object,1024,1024,F693B6F3BF11ACE827CC0511E3B17C27
Train,Diphthong,,0,,Object,1024,1024,0A9E1F85F75A74A202B29F0AB874481A
Goat,Diphthong,,0,,Object,1024,1024,6BC47FED7F34DE9715077817BBF7A8FF
Towel,Diphthong,,0,,Object,1024,1024,005CFDCA1629E7F364FCF9601318705C
Cake,Diphthong,,0,,Object,1024,1024,E49D890D039B88BECFB611DA8F1B8BC1
Joy,Diphthong,,0,,Object,1024,1024,87D75AA4B27F0FDFB76D114E4CB3786E
Snow,Diphthong,,0,,Object,1024,1024,60E874D6579A60F485E080F4BB99EA26
Foil,Diphthong,,0,,Object,1024,1024,DE07CFD09D9C980998A8227C3567ED70
Nose,Diphthong,,0,,Object,1024,1024,CCE2F22D83420FB80C11058A08F87313
Poem,Diphthong,,0,,Object,1024,1024,7693815E0A624A2B3699B142814C0881
Coat,Diphthong,,0,,Object,1024,1024,26302F0800204CFC5621919D91A00FCC
Rope,Diphthong,,0,,Object,1024,1024,8D078A14E7CBDD8130D0546AC01CB7A5
Soap,Diphthong,,0,,Object,1024,1024,AD93061083944682DB9FCAB660E1F668
Bird,Diphthong,,0,,Object,1024,1024,7CD40704CA310E95F920230E0493E079
Meal,Diphthong,,0,,Object,1024,1024,CC20FD2B9C9F3BEC8F54F32D579428B5
Goal,Diphthong,,0,,Object,1024,1024,C38932B343B91D9E9A10D405559049D8
Sea,Diphthong,,0,,Object,1024,1024,6D5422FFDE6FC7B305A7D4DB77150CEA
Sheep,Digraph,,0,,Object,1024,1024,C20EA5CDE7133B5DE3694DED0958EFC9
Chair,Digraph,,0,,Object,1024,1024,4C15F52B71BB309D201E8215B46ED378
Whale,Digraph,,0,,Object,1024,1024,040233BD9F8438EF69056BD19B5E1943
Ghost,Digraph,,0,,Object,1024,1024,93B02C6C27EB7B6FD9CA80D767ABC939
Chain,Digraph,,0,,Object,1024,1024,4679219A654266EEBFF7092F78E9C072
Shower,Digraph,,0,,Object,1024,1024,9309405D72CE6E614386BBD1B99EF68C
Shoe,Digraph,,0,,Object,1024,1024,0A29513732915D10D55FCD3C372C656E
Phone,Digraph,,0,,Object,1024,1024,10EB5C77A78E824C9E26C652F7C945B5
Chalk,Digraph,,0,,Object,1024,1024,64ADC8728573F52434DB640C9D3236C8
Thumb,Digraph,,0,,Object,1024,1024,18465DAD15918E0C88D6E7BC764FA1CE
Tooth,Digraph,,0,,Object,1024,1024,C8BC3F158B81C9EB1265CE7F0371AE47
Peach,Digraph,,0,,Object,1024,1024,F51ED5DE5EDA542A0DE64BD7EF546A93
Graph,Digraph,,0,,Object,1024,1024,8BD16B94DEFAC97FAF0162A75950C696
Cheese,Digraph,,0,,Object,1024,1024,730AB747EB2948FCDDDB1504556BBC2F
Cherry,Digraph,,0,,Object,1024,1024,0A648A47CFDC2D8CBA5B4959C16CD2EC
Thread,Digraph,,0,,Object,1024,1024,EF75E7299839621A17E97ED8A8A01E8C
Thief,Digraph,,0,,Object,1024,1024,D333DA368558CAABD58FF7FF79DC4C10
Wheat,Digraph,,0,,Object,1024,1024,C8814048D9817BF12A718B2CA44CBC0B
Phase,Digraph,,0,,Object,1024,1024,39A0780CBFFE52B635DE04EBB7714AA6
Shell,Digraph,,0,,Object,1024,1024,FD43A44DA0B541531EA631358D277086
Cheek,Digraph,,0,,Object,1024,1024,769B6B6EFD280DA3B9CF9A7477D73E6A
Throat,Digraph,,0,,Object,1024,1024,07BF4C317A797892D5B8646E87C5E616
Photograph,Digraph,,0,,Object,1024,1024,B2EAA0C5872450437DDC7204F2E4B291
Dolphin,Digraph,,0,,Object,1024,1024,087BE89C7A905825C3B5E151A0AC7E9C
Elephant,Digraph,,0,,Object,1024,1024,B642EEFEE540A5079C8935D85DF54E93
Rhino,Digraph,,0,,Object,1024,1024,BEB0CB75418FCB14D2CC902850B78C32
Sphere,Digraph,,0,,Object,1024,1024,3FBD6A7043381A9DBF542554997617A0
Whisk,Digraph,,0,,Object,1024,1024,42ABC3A0D7806FEF236124E69D7F458D
Light,Digraph,,0,,Object,1024,1024,970CAE2A1720FA845C0FCCF5BD05F881
Flight,Digraph,,0,,Object,1024,1024,577537DE1EC3B1424182D8F8C170271D
Milk,WordsStartingWithLetters,,0,m,Object,1024,1024,B0E89EF8310026CBE26DDDB6F8F0AFDD
Quick,WordsStartingWithLetters,,0,q,Object,1024,1024,CAE4495AD09FCD518D2BBAB79A0D3770
Peach,WordsStartingWithLetters,,0,P,Object,1024,1024,2B94534A4D620DED99D4CB434D3023D8
Panda,WordsStartingWithLetters,,0,P,Object,1024,1024,4FA00A9CB193BBE7EC1B4F5DA8985BE0
Penny,WordsStartingWithLetters,,0,P,Object,1024,1024,CEABAEE9F7A8DA1029AB3FB1B99C8E37
Plant,WordsStartingWithLetters,,0,P,Object,1024,1024,3D46C7AF2A85C47B44A4A6411740A056
Plate,WordsStartingWithLetters,,0,P,Object,1024,1024,ABC48C3CA8FD8B3089DAEE221D517BC1
Quilt,WordsStartingWithLetters,,0,Q,Object,1024,1024,A6B3276EEDDA06D5A257E1972760E71F
Quiz,WordsStartingWithLetters,,0,Q,Object,1024,1024,7B270B669959C2F36E43646F1021CD4A
Quail,WordsStartingWithLetters,,0,Q,Object,1024,1024,EB524206144F30696F5B4C43622F2732
Quad,WordsStartingWithLetters,,0,Q,Object,1024,1024,3E555722542ABF2F80A1C7BBD16A61F3
Quartz,WordsStartingWithLetters,,0,Q,Object,1024,1024,5B32C8419AD397814FE923CB78D867D1
Map,WordsStartingWithLetters,,0,M,Object,1024,1024,17C9817EAE968057FE92B8E34112C2F4
Mug,WordsStartingWithLetters,,0,M,Object,1024,1024,CF15DB9D874EC7F669A600F62AD649D4
Mat,WordsStartingWithLetters,,0,M,Object,1024,1024,8D9836060051748167851E2CAD9E7BB6
Mop,WordsStartingWithLetters,,0,M,Object,1024,1024,8E16597FF9A00D704C35E17B1100F684
Mint,WordsStartingWithLetters,,0,M,Object,1024,1024,7B77633477D85CFC8849931E96D70DCD
Notch,WordsStartingWithLetters,,0,N,Object,1024,1024,BE4E5A5E235815ECD8D2BC5FBD101B4F
Nanny,WordsStartingWithLetters,,0,N,Object,1024,1024,51BD882744EEA24601A7E52296288244
Nickel,WordsStartingWithLetters,,0,N,Object,1024,1024,887553855F8C02C587C28D978249B5DD
Bee,WordsStartingWithLetters,,0,B,Object,1024,1024,BB9D791364941A8D8EDB63ABD24965AE
Book,WordsStartingWithLetters,,0,B,Object,1024,1024,2C293CBB4A4E20B166AADE9DE647D8AC
Brick,WordsStartingWithLetters,,0,B,Object,1024,1024,541F2646D468BF29726DF8745BF1F889
Boat,WordsStartingWithLetters,,0,B,Object,1024,1024,30AD3111E23832498F63E7198114BD10
Bus,WordsStartingWithLetters,,0,B,Object,1024,1024,A7A461208E0999FA5D74A5B49642C952
Dress,WordsStartingWithLetters,,0,D,Object,1024,1024,49D78B5577EFC5E2C16CA4FFFFACEFDB
Drum,WordsStartingWithLetters,,0,D,Object,1024,1024,4A64E2405C2DEC844C0E2AA39D984F19
Deer,WordsStartingWithLetters,,0,D,Object,1024,1024,242B1D02FF6D9F80A083788C035E2A13
Donut,WordsStartingWithLetters,,0,D,Object,1024,1024,00C2190ABF605689591745F38B17AEF3
Desk,WordsStartingWithLetters,,0,D,Object,1024,1024,249E09F570FCC491FAE46ED16425EBFA
Horn,WordsStartingWithLetters,,0,H,Object,1024,1024,8CC6C2E50C7C91E82FE84995E48FC4F1
Hive,WordsStartingWithLetters,,0,H,Object,1024,1024,8164C3219B5A6462EFB9F88E1F7B94FF
Herb,WordsStartingWithLetters,,0,H,Object,1024,1024,F63645FC4294130BFD069A83094F821B
Hill,WordsStartingWithLetters,,0,H,Object,1024,1024,A4DD82389D24B1EBC88ECE627C1536D9
Hare,WordsStartingWithLetters,,0,H,Object,1024,1024,5F6DDBFB74F861CC9F08C5E907240F18
Ink,WordsStartingWithLetters,,0,I,Object,1024,1024,17DB58D069D97C9EBD0BE8CB8866FC9D
Iris,WordsStartingWithLetters,,0,I,Object,1024,1024,905822659CBFFE8B3500C1B7722BB5B4
Iron,WordsStartingWithLetters,,0,I,Object,1024,1024,80C46D619742A6C26E2433F588B00C78
Idol,WordsStartingWithLetters,,0,I,Object,1024,1024,8154AFA900BBB5D91822D5D1C1B45DF7
Image,WordsStartingWithLetters,,0,I,Object,1024,1024,1538891A4EC23120EAA0A12135B81070
Jam,WordsStartingWithLetters,,0,J,Object,1024,1024,3FEDB5FFC72E0297BC8182673421EFAC
Jar,WordsStartingWithLetters,,0,J,Object,1024,1024,CA0FDE45E43D4C682D27FA1FB45D9571
Jet,WordsStartingWithLetters,,0,J,Object,1024,1024,678FB82CD4EAF0BEB208A6A29EF1F4E6
Jig,WordsStartingWithLetters,,0,J,Object,1024,1024,F9F0E24D44144462828246C5018FF1E0
Jeep,WordsStartingWithLetters,,0,J,Object,1024,1024,F15035CAF21F3826188F2DB119C47B1B
Fox,WordsStartingWithLetters,,0,F,Object,1024,1024,C73786A647A4C9B6D16A48E1951A034A
Fan,WordsStartingWithLetters,,0,F,Object,1024,1024,D48C90C490DC339277AB73407210B48E
Flag,WordsStartingWithLetters,,0,F,Object,1024,1024,D26E64102D7CD5360D0A8DABC6323DC7
Fork,WordsStartingWithLetters,,0,F,Object,1024,1024,52F3E5874DB9C865873FC95ADE7B72E2
Foot,WordsStartingWithLetters,,0,F,Object,1024,1024,7F159A3FD88E46A427DDF8E75916524C
Tiger,WordsStartingWithLetters,,0,T,Object,1024,1024,0E9B1E682F898CFE9DB7E62F5D7CC459
Tree,WordsStartingWithLetters,,0,T,Object,1024,1024,4757E397299C95271DA81348FBF92EB1
Tub,WordsStartingWithLetters,,0,T,Object,1024,1024,B7EA06FB63944A1F1C409C2E98CFEA4A
Towel,WordsStartingWithLetters,,0,T,Object,1024,1024,76352BDC17E0C03788C7079937C175CF
Top,WordsStartingWithLetters,,0,T,Object,1024,1024,3DC32F124A78456694F2C4A4FBDDBAFC
Wagon,WordsStartingWithLetters,,0,W,Object,1024,1024,90E5AFC025F9F77D91A836ABAF7CCEBE
Watch,WordsStartingWithLetters,,0,W,Object,1024,1024,9A908FD4F2D03179FC75FF4357263CAE
Witch,WordsStartingWithLetters,,0,W,Object,1024,1024,ADF665C7D608A39923803052C74EC6AE
Wind,WordsStartingWithLetters,,0,W,Object,1024,1024,93ED18BA738AA7E00BA331DBA6F00E0A
Wife,WordsStartingWithLetters,,0,W,Object,1024,1024,B405D3CADDDCAAFADE2EA7C4DB111BDE
,,Cartoon monsters,0,,Object,1024,1024,48EB102E865060BF855DEACC9849B19F
,,Cartoon monsters,0,,Object,1024,1024,69B8D5C7DB5E97D6969B239E3307C67B
,,Cartoon monsters,0,,Object,1024,1024,558708F5F2E87BB3EAC1150ECA17EEC9
,,Cartoon monsters,0,,Object,1024,1024,9572E874822D37E9E4CEC01547EF407F
,,Cartoon monsters,0,,Object,1024,1024,83823887E78BF017C982F227250EFF17
,,Cartoon monsters,0,,Object,1024,1024,3E89E54E040116471A8F74206C5CE02B
,,Cartoon monsters,0,,Object,1024,1024,060D357D17B3F9262CC107C3395DD844
,,Cartoon monsters,0,,Object,1024,1024,6D78BF27B36C44AD85B66ED387C9054D
,,Cartoon monsters,0,,Object,1024,1024,CF4451BF1C1340F3250AEC855B390DD7
,,Cartoon monsters,0,,Object,1024,1024,6E3D0A0DDA527F6C03DE046B103D3C88
,,Cartoon monsters,0,,Object,1024,1024,A57AE6F25226950912EE304C3E6F7490
,,Cartoon monsters,0,,Object,1024,1024,AFE42AB009DFE5E82C0B6CB9F371040E
,,Cartoon monsters,0,,Object,1024,1024,53EA28517C40D9370B3FC55796FEE7EF
,,Cartoon monsters,0,,Object,1024,1024,BB6164B84AD3D9F223FA4AA0B00D7280
,,Cartoon monsters,0,,Object,1024,1024,6D7721B66A8C26F57A008A488EBD8508
,,Cartoon monsters,0,,Object,1024,1024,
,,Cartoon monsters,0,,Object,1024,1024,8938CC4B0A482AEFCFAAA8486AA69525
,,Cartoon monsters,0,,Object,1024,1024,484BF077428BEDEDB9250B9D626AA7A1
,,Cartoon monsters,0,,Object,1024,1024,9C9816B12B67EDB0535CA6719AC5BDB8
,,Cartoon monsters,0,,Object,1024,1024,08863D21E729B57093512738857DC679
,,Cartoon monsters,0,,Object,1024,1024,6154BBEB0A6A01B3083BD556EEC979E3
,,Cartoon monsters,0,,Object,1024,1024,FC9B4D8344BC668BF40E598CBB28D20F
,,Cartoon monsters,0,,Background,1792,1024,6FF364A37AF749E2AC98665E693F37B2
,,Cartoon monsters,0,,Background,1792,1024,53739C197AFBF2A83A484F3970D40235
,,Cartoon monsters,0,,Background,1792,1024,3D0E008BEF11E4D740534AB7F8C0AF74
,,Cartoon monsters,0,,Background,1792,1024,B2C85BAFA117C7F71037C62BECF71364
,,Cartoon monsters,0,,Background,1792,1024,B3C3A221540690BBF6149B1E69E44588
,,Cartoon monsters,0,,Background,1792,1024,524456E3DBFF49D4AA9BC64C779D5E48
,,Cartoon monsters,0,,Background,1792,1024,6CE3E29179AF6C6E5A06911495A09C03
,,Cartoon monsters,0,,Background,1792,1024,480C2CC0CC7085E0F5741E302E44ACEA
,,Cartoon monsters,0,,Background,1792,1024,
,,Cartoon monsters,0,,Background,1792,1024,9354E26E7FA26636B3C357A2C0347BB2
,,Cartoon monsters,0,,Background,1792,1024,865D2DB2B5BD423044861A1203300B74
,,Cartoon monsters,0,,Background,1792,1024,7C8C31B067DA228B2ECD04CA421FC7F1
,,Cartoon monsters,0,,Background,1792,1024,4682E0DA5C831EC0EC57C6E53F10D089
,,Cartoon monsters,0,,Background,1792,1024,DA0F9EC7B447896B2A146A0E05D9C2A9
,,Dinosaurces,0,,Object,1024,1024,657FE9C6075B15A6095E9BA26CB24300
,,Dinosaurces,0,,Object,1024,1024,42E7A998D655FD8AE870B90B47E0D0DA
,,Dinosaurces,0,,Object,1024,1024,B3AC211387407AED34A05309143A12AB
,,Dinosaurces,0,,Object,1024,1024,33CBCD01D78924D43127ABC296F86F5C
,,Dinosaurces,0,,Object,1024,1024,321B662CDCDC0286EEBA39922F3102F5
,,Dinosaurces,0,,Object,1024,1024,9D31BE441C1AA82DB0827DE597305692
,,Dinosaurces,0,,Object,1024,1024,B7A750A8FC0F5E5BF5C966CDF507DE9E
,,Dinosaurces,0,,Object,1024,1024,FB51976184436637D5F923E3E82AF879
,,Dinosaurces,0,,Object,1024,1024,AA0C31159D1B6F0D07ACD456C70335E9
,,Dinosaurces,0,,Object,1024,1024,84D3295B590282ABC74EAF70880EFA3F
,,Dinosaurces,0,,Object,1024,1024,10803844863E3678DB276770CA06303F
,,Dinosaurces,0,,Object,1024,1024,726AC06BA72F4AE8003990B35F50BA79
,,Dinosaurces,0,,Object,1024,1024,C5E3E7C68CABA8BF45B7B94542E860F5
,,Dinosaurces,0,,Object,1024,1024,067BFDBBE1DD41C72A1C9B30987F8724
,,Dinosaurces,0,,Object,1024,1024,8CED17D209457CC59E0C1CA196004D07
,,Dinosaurces,0,,Object,1024,1024,A6C598DA2AF99B9DC49DC0EDF35EC3D3
,,Dinosaurces,0,,Object,1024,1024,DF3945042E7FBE96A0F343DEE217B0E9
,,Dinosaurces,0,,Object,1024,1024,299E9E0B9B1FAD676BDED09EDC4DBA04
,,Dinosaurces,0,,Object,1024,1024,C9B2FBD401BDD109F5B29C886EBC231E
,,Dinosaurces,0,,Object,1024,1024,70BE157AADC04BF1FBD0118FB5C8BCE6
,,Dinosaurces,0,,Object,1024,1024,8E3E6B8E325C2746F99FD7F46CE3EC01
,,Dinosaurces,0,,Background,1792,1024,57722103D8D88BFD4B946B0A9C676B47
,,Dinosaurces,0,,Background,1792,1024,EADFE8B39A9E3C33519C0A84D59DA902
,,Dinosaurces,0,,Background,1792,1024,FE466C7B44CB007DC692E1E0BFEDD5B5
,,Dinosaurces,0,,Background,1792,1024,44C7D6B6B0D7E8AD3BE6775C59D069AA
,,Dinosaurces,0,,Background,1792,1024,D0CB04B0CB3F9A50BAC43A1FC456D19A
,,Dinosaurces,0,,Background,1792,1024,2780AF2790D2FF26C5AB8769369946D3
,,Dinosaurces,0,,Background,1792,1024,C0BD5B94EAA095D307F8D856EF78BB34
,,Dinosaurces,0,,Background,1792,1024,E3D70AA3AED60A7A5B456FE70D4DDB42
,,Dinosaurces,0,,Background,1792,1024,5EE72DA796B516D89E52EC429680CAA1
,,Dinosaurces,0,,Background,1792,1024,550613F7178ED8CACCD892C0AB9406A2
,,Dinosaurces,0,,Background,1792,1024,823C5CE59FCDBA8BA5676A19E651F8F5
,,Dinosaurces,0,,Background,1792,1024,924A59838B6EE24DEF5C3E9B42B7C636
,,Dinosaurces,0,,Background,1792,1024,50C6698B37E14078249104738821013B
,,Dinosaurces,0,,Background,1792,1024,043414856CB0D482659583F6225BBB05
,,Dinosaurces,0,,Background,1792,1024,2E97380B65E23FD4832B87C1D1B93744
,,Dancing,0,,Object,1024,1024,E112D0D198C9F691228B0C8381B39858
,,Dancing,0,,Object,1024,1024,B37A3687780877DEFCA79DC060FD789A
,,Dancing,0,,Object,1024,1024,FBDDAACE0BD733C582C5DFF217C64B05
,,Dancing,0,,Object,1024,1024,A055F6C6F380BCAA3C4ACFB6E5C13A49
,,Dancing,0,,Object,1024,1024,9ABF6818289FED94117366B08D1B22DA
,,Dancing,0,,Object,1024,1024,F66C15406F9A9FDB2FB7C075B9CB4D7B
,,Dancing,0,,Object,1024,1024,63CBEEF422B8A1A86162E9C14112B928
,,Dancing,0,,Object,1024,1024,CD49A69AC914F9D36B295111B0E8FBD2
,,Dancing,0,,Object,1024,1024,9F4605F0F7F85FE93CE15CE166A7C969
,,Dancing,0,,Object,1024,1024,1BE3ABFB0B183EB40C89C9FEAF8565EE
,,Dancing,0,,Object,1024,1024,493432C76B5740E8B47152CB998BE198
,,Dancing,0,,Object,1024,1024,A64BD8FC3C3595C187E37BFDC3E83D78
,,Dancing,0,,Object,1024,1024,A57E03FF99F34C43048B94C460495DF7
,,Dancing,0,,Object,1024,1024,0EB7224267892723550E39CD5FDAF609
,,Dancing,0,,Object,1024,1024,7833B69C2E6A2E984C006C817339D2E9
,,Dancing,0,,Object,1024,1024,
,,Dancing,0,,Object,1024,1024,7457E2E8C4AF219392CF9F09DFA1D80A
,,Dancing,0,,Object,1024,1024,
,,Dancing,0,,Object,1024,1024,8814152670B1B0F0061D1BF3B43A14D1
,,Dancing,0,,Object,1024,1024,33A48EC40639CBD62177312B27659484
,,Dancing,0,,Object,1024,1024,8C9EE661A6CAF66A4594A70B1432A891
,,Dancing,0,,Object,1024,1024,E3A2BBAEAC923E06E359E7E9A5C5CB15
,,Dancing,0,,Background,1792,1024,17DA10D89AEECCB170CA486C7CB92CE2
,,Dancing,0,,Background,1792,1024,0737FBC891885184F91D3A207A86F88D
,,Dancing,0,,Background,1792,1024,29081A965B3D4BBF483FF2529A7CBD86
,,Dancing,0,,Background,1792,1024,FDE4856BC5F029C71A5B2CBD5BE9005C
,,Dancing,0,,Background,1792,1024,
,,Dancing,0,,Background,1792,1024,C36C530D222964DE967A69E5DEF4E816
,,Dancing,0,,Background,1792,1024,00D15179B9A365FF85943B4560F52DC7
,,Dancing,0,,Background,1792,1024,7C0B117FC012FC822F6211D2E0AA20AD
,,Dancing,0,,Background,1792,1024,
,,Dancing,0,,Background,1792,1024,DA17AAD5097DC6536D5C41CCFBEF8CB4
,,Dancing,0,,Background,1792,1024,29E73C031410482DF02D27080F015351
,,Dancing,0,,Background,1792,1024,EFA10722A8070DBA5013E9200FCE3294
,,Dancing,0,,Background,1792,1024,1B1AAD093A8D5B647E3AA1C26FA40590
,,Dancing,0,,Background,1792,1024,C0818001B1502642604F034EC1C223C9
,,Dancing,0,,Background,1792,1024,7719E33E61CD95F6B96349A6A41EE960
,,Dancing,0,,Background,1792,1024,73E4476254781BBC7D322CAAA6941148
,,Dancing,0,,Background,1792,1024,07AD5A04BE16A03697369BAAD83D8CD0
,,Magic,0,,Object,1024,1024,8E42175D8AF66CDDC2212AC8E0489883
,,Magic,0,,Object,1024,1024,C4E4109067AD46B828739C117C93CC9C
,,Magic,0,,Object,1024,1024,D07508912E8CC51B9BA0FC0A28C5D8AF
,,Magic,0,,Object,1024,1024,6F70BFE5611F52257052F878125A5F4C
,,Magic,0,,Object,1024,1024,FB54B2447CEFB9A7B5F291045393AA57
,,Magic,0,,Object,1024,1024,6BBB9FFEAF42423197828A66F07CE6D9
,,Magic,0,,Object,1024,1024,F3AF4B47DF350C8C47C99620E1C34A8E
,,Magic,0,,Object,1024,1024,7E34678BD742DE69C445844CF30AC1D8
,,Magic,0,,Object,1024,1024,D6EBFEC86BD6C73BBA2A37BCC1129B7F
,,Magic,0,,Object,1024,1024,797A2CA1CEFB52870D5D5481ED9C91CA
,,Magic,0,,Object,1024,1024,20C10EC441B4FEA78CBA42099330EE84
,,Magic,0,,Object,1024,1024,BA0F395345A865554518CF09E99D5915
,,Magic,0,,Object,1024,1024,9326D5C5F62659BD09A67F7E386AA8B1
,,Magic,0,,Object,1024,1024,A6F76799F82A2C8396C802AB7BB159A0
,,Magic,0,,Object,1024,1024,261A1C53B0927EDD49A5A0F1AF0AAEC0
,,Magic,0,,Object,1024,1024,E267C563A9BE1EF40CC3FC9E777F8BBA
,,Magic,0,,Object,1024,1024,FCD8399BEE8281D05331C9CD643FFF92
,,Magic,0,,Object,1024,1024,98B842B6446003E655B95559A22D5D58
,,Magic,0,,Object,1024,1024,C5455B1DE92E7399C038432EFDEFEC74
,,Magic,0,,Object,1024,1024,35AC2746677E1537AE0FE36AF2319563
,,Magic,0,,Object,1024,1024,12B943DAA5AC643D10E8B99FBC428C6B
,,Magic,0,,Background,1792,1024,7C85872774A850993168D9827675D3DA
,,Magic,0,,Background,1792,1024,69AD872A0A1D5AB8982533DA50D4159B
,,Magic,0,,Background,1792,1024,75DB57621B7837DE91C8C2C40BDA9BB8
,,Magic,0,,Background,1792,1024,BC37DFDB1B603F19D3CD466BD1F1A432
,,Magic,0,,Background,1792,1024,
,,Magic,0,,Background,1792,1024,FFCE725B2FED63D1858E71A71061ECC5
,,Magic,0,,Background,1792,1024,DC2C4AB677B5230B6866207D8720B4EB
,,Magic,0,,Background,1792,1024,DE7DECD1D431BC5A30E3CEFA72192DB1
,,Magic,0,,Background,1792,1024,508702952E11F19A837208F3226A3139
,,Magic,0,,Background,1792,1024,2CF33F6443DBEA0C8564FC34DC0BD7A5
,,Magic,0,,Background,1792,1024,412A5AF3534A6AA3C030D17DBDFB79EB
,,Magic,0,,Background,1792,1024,DBAF55BE1ADAD160DDFBF4C89FCCB73E
,,Magic,0,,Background,1792,1024,C5FC66996F74964FE8AF002FC2B2BF5E
,,Magic,0,,Background,1792,1024,EC1FCAC54495E429B46DCC68C4884EC4
,,Magic,0,,Background,1792,1024,11879209EB8FB4CD6519A584DED0CAF0
,,Space,0,,Object,1024,1024,35836131CBC50801728191926C4FC9F8
,,Space,0,,Object,1024,1024,8F98EECC144FFE2DA553EB4BDE5DAE57
,,Space,0,,Object,1024,1024,35ECCB7BE85F1B9AF727D140444967EB
,,Space,0,,Object,1024,1024,D2F9363FADBDF4FE673D2F6AB78E9FD4
,,Space,0,,Object,1024,1024,54ED170A1A8E0538064F1E01426BAC9B
,,Space,0,,Object,1024,1024,0D399D21B2DA697B23749CF05F95FB96
,,Space,0,,Object,1024,1024,AC87C6F45B116260E0FA601EB3E4AA19
,,Space,0,,Object,1024,1024,4D61F184F22A4BD27910BF513BEC19E4
,,Space,0,,Object,1024,1024,E1035CBDB7D4AC96E871535286E910EB
,,Space,0,,Object,1024,1024,F49EC6D21F2BAAF9E7E5DF4859276265
,,Space,0,,Object,1024,1024,E9166032E375318D0A1ED984FDABF09D
,,Space,0,,Object,1024,1024,CA41C20D12CDCDD57EABBF7A55C70E07
,,Space,0,,Object,1024,1024,E63D947801482703A7250BB6506ADB2A
,,Space,0,,Object,1024,1024,3FB5F53584CA982F962332E847C17510
,,Space,0,,Object,1024,1024,CB36F57086EDCB45F43898ACC63E7B3D
,,Space,0,,Object,1024,1024,3EAA0BFC9856920F5610B5A4490AFE99
,,Space,0,,Object,1024,1024,14AA8850454AD787BBD7B532874ABAA5
,,Space,0,,Object,1024,1024,AF1B9B6458949713D2798A12E6AB9881
,,Space,0,,Object,1024,1024,2D8D8A7DE4BD17180610F147C63DAEBB
,,Space,0,,Object,1024,1024,1E1BC1FF13AE1E24275FC0EF18091BA3
,,Space,0,,Object,1024,1024,64F7C9326946297E98AE147558495588
,,Space,0,,Background,1792,1024,BAA478E09C13E96E4122FB1393ACD214
,,Space,0,,Background,1792,1024,1CB1672A8C138117E65C0BBA6D5B9EED
,,Space,0,,Background,1792,1024,18F30A89F39972B9B0EFF689544C5919
,,Space,0,,Background,1792,1024,D84F55E97ED9C982F3951DC3109BC8E5
,,Space,0,,Background,1792,1024,D64EC111993B073B81467C0CC9F9EE4E
,,Space,0,,Background,1792,1024,074C316F42177E85D2C0178150982C10
,,Space,0,,Background,1792,1024,0C00932B4E3463F5AE85EA1BC2CC3CC2
,,Space,0,,Background,1792,1024,3876AC0D01123A23CE17AFE22B8FC4C3
,,Space,0,,Background,1792,1024,E10D797D0A2965534529B5501FE72DF5
,,Space,0,,Background,1792,1024,59F362C6C3EC4F8D5ED6635659CCDD0C
,,Space,0,,Background,1792,1024,5AA999F12291C02E89F0F379C7CAE64B
,,Space,0,,Background,1792,1024,F7684ECDE961638755CE169078CF6D4A
,,Space,0,,Background,1792,1024,BD4A14E027F374BAB6D9D79B9E50FCA8
,,Space,0,,Background,1792,1024,409734FD02799609E6DE1DF2A99797E3
,,Space,0,,Background,1792,1024,ADDBB2A86120BE3A8074E5DC35E6F050
,,Space,0,,Background,1792,1024,A0D7E265B560CDB6B4BA699B3C007B39
,,Cars,0,,Object,1024,1024,3A2BE1B72CCE2C2C88A0F446EC39E284
,,Cars,0,,Object,1024,1024,114A4F8BA3D863908AFBF16E59FA1070
,,Cars,0,,Object,1024,1024,80CCC1B6565D5E7E1DE61CBD3AB2D669
,,Cars,0,,Object,1024,1024,862F254E0E80F83F683788456922F08C
,,Cars,0,,Object,1024,1024,E2644A11EDCE64568F0E1F634A21FEB2
,,Cars,0,,Object,1024,1024,E89E9C7B193C9EA7032D8078169C7B7E
,,Cars,0,,Object,1024,1024,AA63A2D96249FC533B45DC0CFF465062
,,Cars,0,,Object,1024,1024,04301C5986EA76F5EECDA58EE9C404A3
,,Cars,0,,Object,1024,1024,82DA000B4C4FCC5EDCB44196D5BCD397
,,Cars,0,,Object,1024,1024,C21989D5645233B0459124A0E59D5FCF
,,Cars,0,,Object,1024,1024,6DA3087E98215476C297ED5A72E90B49
,,Cars,0,,Object,1024,1024,C75D1542D4BC9C48ADE7BF748FD7F79C
,,Cars,0,,Object,1024,1024,8D4775EB8F70E6D81B3AE952F90F83FF
,,Cars,0,,Object,1024,1024,DBCF99E2643D2024BF764B772DC0B214
,,Cars,0,,Object,1024,1024,75387FC8E032881B19449AC2455DB3E3
,,Cars,0,,Object,1024,1024,F48B02FDBF5687685B3607AFED82B268
,,Cars,0,,Object,1024,1024,900C9B40526A1D1871CCAF9301A7B25D
,,Cars,0,,Object,1024,1024,D1C62862AD619E74B572C9B5F02A030D
,,Cars,0,,Object,1024,1024,A2C0D22E1599FE8088A5BC6A37153EB8
,,Cars,0,,Object,1024,1024,18961D328DA83BB2F75563C3CBD95720
,,Cars,0,,Object,1024,1024,EDF5179C7DE574363B2B0B5D0C6B7EF5
,,Cars,0,,Background,1792,1024,EB4F972597C04C891D1132134F778CD4
,,Cars,0,,Background,1792,1024,160EF9CBEA56470FD9BCCE1AA44FF6BB
,,Cars,0,,Background,1792,1024,959B35BB28BC4AAA8EB1A4BA96D74CC1
,,Cars,0,,Background,1792,1024,D534ED1796CA991325CC15C66C5B4D3C
,,Cars,0,,Background,1792,1024,7CB2EBF0D2FC17134A8EE33625981CFC
,,Cars,0,,Background,1792,1024,DEC355663B2AA9BDB9F3DDCB4096B478
,,Cars,0,,Background,1792,1024,
,,Cars,0,,Background,1792,1024,EA9355FCABB88CD350E98252936A284C
,,Cars,0,,Background,1792,1024,5C4AEBA32BDF57326704E0530557CDC8
,,Cars,0,,Background,1792,1024,E79BF96BCF72E3773AB9EE9FA8F89F57
,,Cars,0,,Background,1792,1024,84CC99B12A485703299A7C5495F9DBC6
,,Cars,0,,Background,1792,1024,F535AE8DDD80D2A9C8A471969E19ADC3
,,Cars,0,,Background,1792,1024,B3A968A202FFDF8AC3924C786CB0F67D
,,Cars,0,,Background,1792,1024,808FBB34CEC9FE10658989EE502B3CDC
,,Drawing,0,,Object,1024,1024,84CA2E25608DF1A598FC5303669226CA
,,Drawing,0,,Object,1024,1024,31176367195C5CBF64CFE3529664F18E
,,Drawing,0,,Object,1024,1024,874FCF4A62F4D4DBBBF1203199B04DBD
,,Drawing,0,,Object,1024,1024,6D0F724F5F43191E628DB3732D002BB6
,,Drawing,0,,Object,1024,1024,AF382B43845E221A477EFED02B01DC2B
,,Drawing,0,,Object,1024,1024,57264D79DD2A6381743BBB5E246DD295
,,Drawing,0,,Object,1024,1024,5002C51B4EB334E0DD20A8EBBCCE9EB3
,,Drawing,0,,Object,1024,1024,3F2C8803DA75A310B6569345185129DC
,,Drawing,0,,Object,1024,1024,DA95B262FBCD3CDC6450F95F9F5093E6
,,Drawing,0,,Object,1024,1024,F6B8B01E6841BC97BBE1BD017E0DED6A
,,Drawing,0,,Object,1024,1024,02A85448D026B0A35EE615E26DB6098A
,,Drawing,0,,Object,1024,1024,5817D281E562A07703D7042FF237DDD0
,,Drawing,0,,Object,1024,1024,233B29ADB67278B52B0429E9599C1137
,,Drawing,0,,Object,1024,1024,0471474A427C6572A830D666D69FF683
,,Drawing,0,,Object,1024,1024,19F68B88F8F34B3F319BD7F5713B436E
,,Drawing,0,,Object,1024,1024,E509168B9AC01921DDD8B04C1004CA73
,,Drawing,0,,Object,1024,1024,643911E498D362158F859F6A73704CDD
,,Drawing,0,,Object,1024,1024,AFB59D02CEA136C0F94AC18FCFDABBA2
,,Drawing,0,,Object,1024,1024,97884E8ED1494007C4872666878A6343
,,Drawing,0,,Object,1024,1024,FA5D01B2EE9FCF9A099AF22FA85900E3
,,Drawing,0,,Object,1024,1024,
,,Drawing,0,,Background,1792,1024,9FBD7D94A7D2E25058EF4858A3E8DA58
,,Drawing,0,,Background,1792,1024,2D8EBA0547612CEF29F0E823073DA1F2
,,Drawing,0,,Background,1792,1024,12A2123C2BB4E2ABC46A4CAD7F3A514B
,,Drawing,0,,Background,1792,1024,0398B00FC708702DE57BB02658A7417B
,,Drawing,0,,Background,1792,1024,17B112326BBF07F0DEE071A0CB5CDBE5
,,Drawing,0,,Background,1792,1024,A6DB91A045DF3DA382F3E7302B524ACF
,,Drawing,0,,Background,1792,1024,ACC4F9602FC7DF7CD9AAC608FC2B7D5D
,,Drawing,0,,Background,1792,1024,FFEFB1A91F556691FF20DB164E5AB7E2
,,Drawing,0,,Background,1792,1024,6E469A03A78B447DB31511B4F1E87740
,,Drawing,0,,Background,1792,1024,3B9F5FAF3F29C30B219E2B868EE29305
,,Drawing,0,,Background,1792,1024,C778193129EE47D8205DF3DC0326DC5B
,,Drawing,0,,Background,1792,1024,B2680AEFF60D57EA136FE4A9897102BA
,,Drawing,0,,Background,1792,1024,D8B280F39AB56EBCB453DCAE638B64E2
,,Drawing,0,,Background,1792,1024,937753703A030748DC54CBFE02189B08
,,Builging Blocks,0,,Object,1024,1024,3CDD087411A669D08D670A99EEFC2445
,,Builging Blocks,0,,Object,1024,1024,BA7DF2C7742B9E7CD9560048942D4EDB
,,Builging Blocks,0,,Object,1024,1024,7A0ED8A9F0F2761480E0727AD89E9693
,,Builging Blocks,0,,Object,1024,1024,BEB2BF8E2B0DA5556C91487186C9AC08
,,Builging Blocks,0,,Object,1024,1024,80DA9F2A08732ED55D0F18F65C31299A
,,Builging Blocks,0,,Object,1024,1024,B732DE1A1DC23C7C47BF00941D290C51
,,Builging Blocks,0,,Object,1024,1024,AC5432752BE7B2A7144A353A5FFEB1C9
,,Builging Blocks,0,,Object,1024,1024,144BF4FA01A9C256157293A91ED2EADE
,,Builging Blocks,0,,Object,1024,1024,08D7099307F8DD588A8F6464A22676FB
,,Builging Blocks,0,,Object,1024,1024,408ADECC66E23F1A9032D0D6C8042DC8
,,Builging Blocks,0,,Object,1024,1024,9B604501B6F0325084CB24FA1ECF6CBD
,,Builging Blocks,0,,Object,1024,1024,556171DF495017E50583E201BE95C91C
,,Builging Blocks,0,,Object,1024,1024,925E6ED1D10E1F449F148DBF03B8126F
,,Builging Blocks,0,,Object,1024,1024,29961C495B62174AF69745D9B5C7B912
,,Builging Blocks,0,,Object,1024,1024,338213433F22DD3D4FC8063E02E7904C
,,Builging Blocks,0,,Object,1024,1024,0CC6E8EB694537C6CE2E3F1261307ACC
,,Builging Blocks,0,,Object,1024,1024,C0092BEAB915ACDBE6B4E7359072832F
,,Builging Blocks,0,,Object,1024,1024,AD80E4913695D04E1149705FE1A0B169
,,Builging Blocks,0,,Object,1024,1024,B8D1F2C15084EF38A6895C22F91FE8CC
,,Builging Blocks,0,,Object,1024,1024,5CC8E0971AAFA97E327C1CF94ACDDC37
,,Builging Blocks,0,,Object,1024,1024,9A6B3F50292610B6272F7BB90DBAAC87
,,Builging Blocks,0,,Background,1792,1024,3A6777E549EDCF04702294956B671814
,,Builging Blocks,0,,Background,1792,1024,BDD62B07360FD4B805F8DEDDCFF5A55A
,,Builging Blocks,0,,Background,1792,1024,DE2C2FE49A94F9A486A446EF0657EB95
,,Builging Blocks,0,,Background,1792,1024,F5EBAA2179EE21A3BB528EF820EB5670
,,Builging Blocks,0,,Background,1792,1024,FBC0DBB5878918D67F634DCBFFBE6F75
,,Builging Blocks,0,,Background,1792,1024,93D9984561EB36399135245422FA9D0B
,,Builging Blocks,0,,Background,1792,1024,176D2BB4FB0AFAAE0DC6B84E7B83079A
,,Builging Blocks,0,,Background,1792,1024,0C8586D9AD070CD46106BCCD1517D3E6
,,Builging Blocks,0,,Background,1792,1024,90EF32FEBDB06A3133AB31F04DB35F82
,,Builging Blocks,0,,Background,1792,1024,FEBAF6328887387581A74772D847A2C1
,,Builging Blocks,0,,Background,1792,1024,1D38E803E94C5FE2B67192A3965BDD1C
,,Builging Blocks,0,,Background,1792,1024,B6DE39A768A1F8D88F0444B36E8B3549
,,Builging Blocks,0,,Background,1792,1024,B2BEF99502327DD92E116E4F8EF034F1
,,Builging Blocks,0,,Background,1792,1024,C163BD3F8C2AA76220BD5D9F52C5F599
,,Animals,0,,Object,1024,1024,1C576FDB5CC08E4F4D7F69D5007CF3BA
,,Animals,0,,Object,1024,1024,53788E634E3717A844574B1EB226D139
,,Animals,0,,Object,1024,1024,DDE37EA95B120F1D936B331EE29A1D13
,,Animals,0,,Object,1024,1024,A3BA931F77CDAD89FFFA38D02D6A58AC
,,Animals,0,,Object,1024,1024,AAB8D510ECFF42DF31C7E7923DC77156
,,Animals,0,,Object,1024,1024,ECA520C40650806C48ED22AFDA42009F
,,Animals,0,,Object,1024,1024,E486FB1CFAD07F5699D941CA352A375B
,,Animals,0,,Object,1024,1024,4D3A2A8D1D013B4D47FF336014E9D5F6
,,Animals,0,,Object,1024,1024,F61974626F237D8B4EDFBEFD47E225A7
,,Animals,0,,Object,1024,1024,EA41AAECAB4800542AF80FDA87000B81
,,Animals,0,,Object,1024,1024,2E76A1961BC240FBFF9E49250C71728E
,,Animals,0,,Object,1024,1024,52D97F93CABD6C063D920C4E21C1414E
,,Animals,0,,Object,1024,1024,80A35CCFD0080A6DE5CF46D529CFE969
,,Animals,0,,Object,1024,1024,486F0D840C150F31FF64A6F94406F2AC
,,Animals,0,,Object,1024,1024,8CCD5EBED601EBB2D60B1F7C90AD4864
,,Animals,0,,Object,1024,1024,AD3763CA815D596BFDE88913EFDC5BC4
,,Animals,0,,Object,1024,1024,3343F4B81CB0E73C8481DFCA464C340B
,,Animals,0,,Object,1024,1024,65D35DDB527C6FBA5CAFFF52FA048B91
,,Animals,0,,Object,1024,1024,19EF7081F05A845E0E58AA449C078EA1
,,Animals,0,,Object,1024,1024,3DB573DC67DA25A8AC366DF9BCC6C978
,,Animals,0,,Object,1024,1024,B317EEE90BB63BDCFABFB094168A8EBE
,,Animals,0,,Background,1792,1024,CFE86E21677A3D116BB20ABFB88175FC
,,Animals,0,,Background,1792,1024,7108264B0673638CB97BCC78EF3D1B69
,,Animals,0,,Background,1792,1024,58596E5A4DF213F4CB76620F2223436B
,,Animals,0,,Background,1792,1024,2C6A946359A67511EBCA0A983FB747BD
,,Animals,0,,Background,1792,1024,185EC567361EC5CC463BF59F0AE5166D
,,Animals,0,,Background,1792,1024,C7E3D94C7307F0F58E0AAEA04AEE1E4B
,,Animals,0,,Background,1792,1024,5A23958EFAD7E211E07A551C01E2C0C8
,,Animals,0,,Background,1792,1024,4BA7BC5AA6F2D9320A1267B9AD23DB43
,,Animals,0,,Background,1792,1024,593CEB6FBAF654D78513CA678695F040
,,Animals,0,,Background,1792,1024,432162A1E96106B21B04126C04ADA4A0
,,Animals,0,,Background,1792,1024,D23C4EBB433E675259A31A7527F2B406
,,Animals,0,,Background,1792,1024,140A4677FADFA917E42AE38B341AF650
,,Animals,0,,Background,1792,1024,98D2260001052B55C2731CCF65FA1ED6
,,Animals,0,,Background,1792,1024,243CE9FEE53212166BE6B8A14DD3BDA9
,,Singing,0,,Object,1024,1024,92009C18DC5E7CE948780E5A682E600C
,,Singing,0,,Object,1024,1024,8843C8B41B22128FF89F152E2CB41D24
,,Singing,0,,Object,1024,1024,888C5484BE10FB0BB0335FC9AF1C6FB6
,,Singing,0,,Object,1024,1024,7EFB908109F0C54937E43C9E761B2B48
,,Singing,0,,Object,1024,1024,CAA81333D1BAF6C71A40C8EDF9ADA8D7
,,Singing,0,,Object,1024,1024,1E569C76F7D6FA7EEFDF3AA126E1F438
,,Singing,0,,Object,1024,1024,67CE41543AB4D486CC3FF1D6A5CF2C4C
,,Singing,0,,Object,1024,1024,DE07F390E124468748FBA9CA0A9F8272
,,Singing,0,,Object,1024,1024,09E01507FFF70E33AA00FEFB53EE28A6
,,Singing,0,,Object,1024,1024,3114BF73C0886A565F6CEEFB002DA2E8
,,Singing,0,,Object,1024,1024,896B6DB5C6F1B165443CFB7A06AE4FAC
,,Singing,0,,Object,1024,1024,22DE8E9593648258B87ADCFEFCF56FD2
,,Singing,0,,Object,1024,1024,2E26C7F4F65EE34329DA7D5A821812A7
,,Singing,0,,Object,1024,1024,E1B9CB226EAFF4C08BBF7598B5AA88C1
,,Singing,0,,Object,1024,1024,D64DAF708E33BD77F9ADE3B8B9B18795
,,Singing,0,,Object,1024,1024,78E0D6D6E970E97FCBC71593F79A00C1
,,Singing,0,,Object,1024,1024,B27CA07EE104A0A08FA255ACF973747D
,,Singing,0,,Object,1024,1024,E6DF4E50E7E796AC06AE301A29365B3C
,,Singing,0,,Object,1024,1024,4BDC37EDF2D18FA16A1FC447FDC936BB
,,Singing,0,,Object,1024,1024,8E9F69D94064A98E9D1C45EC6CDA5B78
,,Singing,0,,Object,1024,1024,9C07982EFC9E442D0AAC3A0D29E784B8
,,Singing,0,,Background,1792,1024,F3F8FF015267B3CEECAFAE9139861F1D
,,Singing,0,,Background,1792,1024,993828C755DDF08CEBE3349440CA7409
,,Singing,0,,Background,1792,1024,
,,Singing,0,,Background,1792,1024,93D65166D9A34DFB7D5255F9AE30D9BE
,,Singing,0,,Background,1792,1024,B1BDE571CDEC6C810E02E114B4695AAE
,,Singing,0,,Background,1792,1024,24EB91B5346B9309DA091D18AEAB2CCB
,,Singing,0,,Background,1792,1024,B99325BC60816E49FF19A16A6EB9DB60
,,Singing,0,,Background,1792,1024,1DA3BE0C10D104E4D825C5BEEF65936B
,,Singing,0,,Background,1792,1024,287E1C2EE3A301C6995FBC4A38BAC682
,,Singing,0,,Background,1792,1024,52041F975868D9B510E9479A754AED9E
,,Singing,0,,Background,1792,1024,
,,Singing,0,,Background,1792,1024,3442A58D11D85BB3572611F0D7257514
,,Singing,0,,Background,1792,1024,28BDCE76A498AC42F1B40D1AD3F955A4
,,Singing,0,,Background,1792,1024,ECF0FA7F40DE7F4028B2885658E8E043
,,Singing,0,,Background,1792,1024,
,,Singing,0,,Background,1792,1024,5585BD0C13B1A6FE0A4C02F74F177296
,,Adventures,0,,Object,1024,1024,5E83FE6A5D6F6B195A1A3D2512738875
,,Adventures,0,,Object,1024,1024,A4FDBA00AE56E5B019BE3D7E6F597E33
,,Adventures,0,,Object,1024,1024,EA37FC0E33814495AA84CF935B562296
,,Adventures,0,,Object,1024,1024,1C3D59FAF720DA012DF1C8E30E7CF0E0
,,Adventures,0,,Object,1024,1024,238B6D1BD66769979FA2524936E72A59
,,Adventures,0,,Object,1024,1024,6F10B5A2E711780CE5FBF6D897CD655A
,,Adventures,0,,Object,1024,1024,D4F6B792B6BBDCC52D9310E917489E34
,,Adventures,0,,Object,1024,1024,3523B3E827F98728400E9F693F317B4F
,,Adventures,0,,Object,1024,1024,
,,Adventures,0,,Object,1024,1024,F041C467C66D5FE34359B499D3F28B8A
,,Adventures,0,,Object,1024,1024,66BF65370F31FD932234609BB6E09DDD
,,Adventures,0,,Object,1024,1024,ADFD526AFA4315A5C6EE44D822F90F17
,,Adventures,0,,Object,1024,1024,F32341785FB678C8203B737035ADF125
,,Adventures,0,,Object,1024,1024,398AB7EA651815A87E06A706C11DC24C
,,Adventures,0,,Object,1024,1024,B16F9D3ADDD491C4832A237EB3D9ABFA
,,Adventures,0,,Object,1024,1024,F33568AEFFD45F645399D7C8755D1E7F
,,Adventures,0,,Object,1024,1024,353B243131B681B15FD87F5D7709194E
,,Adventures,0,,Object,1024,1024,98E2070B6C48AC26426672555F0591A1
,,Adventures,0,,Object,1024,1024,F0B87D5F9609D32D89CA4ED89069C2E8
,,Adventures,0,,Object,1024,1024,3FFD12A8108D695377A25CD5100C415E
,,Adventures,0,,Object,1024,1024,2848262FFB4BE191C59524528ED571F5
,,Adventures,0,,Background,1792,1024,
,,Adventures,0,,Background,1792,1024,7BDB96A494302DA2B799E45744DBAB30
,,Adventures,0,,Background,1792,1024,E97D5105997BC7EA7308C7DF89676BFE
,,Adventures,0,,Background,1792,1024,
,,Adventures,0,,Background,1792,1024,E7661F6D79ACF5BE6D147FD2CDD2AC7A
,,Adventures,0,,Background,1792,1024,8D17A5ACF9CC76F5F7E1381141E2AEB1
,,Adventures,0,,Background,1792,1024,7685C86E194B2A30B699F9E8D4C5D5F2
,,Adventures,0,,Background,1792,1024,13ACAE3CEAC8FB2C761BE7B99DCD38CC
,,Adventures,0,,Background,1792,1024,AA155C5003BFD4E7A0FEE2C10FD919C2
,,Adventures,0,,Background,1792,1024,13A3BF2C244F9F1D95594EF01BF260E7
,,Adventures,0,,Background,1792,1024,7DCC12BC2485DC39A29FEFB545B4B67D
,,Adventures,0,,Background,1792,1024,
,,Adventures,0,,Background,1792,1024,
,,Adventures,0,,Background,1792,1024,73472507E24BB8A83CF160CDFAF0E847
,,Adventures,0,,Background,1792,1024,280525056F05D28BA10269595938D42B
,,Videogames,0,,Object,1024,1024,BB06483F9DD84F9FDB8F640DFF91CF0D
,,Videogames,0,,Object,1024,1024,3AC81B97040ABF3293A348D0939C3A85
,,Videogames,0,,Object,1024,1024,ACEE5A975DA26432D2942513F7E01B32
,,Videogames,0,,Object,1024,1024,E6EAE62E0E35D666A3CFA52C7934970A
,,Videogames,0,,Object,1024,1024,1771F0884CB9E476A5B96C6F59F4FE1D
,,Videogames,0,,Object,1024,1024,025508DD67DC1C06A28922E1E7F608FA
,,Videogames,0,,Object,1024,1024,3368BB255F7C6768D7A0BA47D0455CE5
,,Videogames,0,,Object,1024,1024,A215D2D0CD1EF39F343CBFA561AF0FF6
,,Videogames,0,,Object,1024,1024,4AC081F467210011D056825540DF1193
,,Videogames,0,,Object,1024,1024,4EDD06057B79573C026C9F93BA252730
,,Videogames,0,,Object,1024,1024,E102345947CDBF449218F8020950EAA5
,,Videogames,0,,Object,1024,1024,71675145CFC9EA698E30E07594167079
,,Videogames,0,,Object,1024,1024,34EB2E09E7F587BB3B2158D92E358036
,,Videogames,0,,Object,1024,1024,594628475CDE6F500AAB0BDBFE39A7B7
,,Videogames,0,,Object,1024,1024,CC24F1CE8904AC0C124173C06D8A1D92
,,Videogames,0,,Object,1024,1024,BEAAFD9E81F0D4A07A8E6C1BB71F7DA5
,,Videogames,0,,Object,1024,1024,AC2CD31BCF26851758B6656FCF1C10ED
,,Videogames,0,,Object,1024,1024,990429BC4EEC856A6958281DA86B18C3
,,Videogames,0,,Object,1024,1024,EB47F8D03F4B928FC0ADA960EDBF7432
,,Videogames,0,,Object,1024,1024,7B9A04C71BD5DA3712E6B1CED5EABAF1
,,Videogames,0,,Object,1024,1024,86273AC53B732BD50FBC6C7F926E034B
,,Videogames,0,,Background,1792,1024,
,,Videogames,0,,Background,1792,1024,C799C89F591EBD17075A24CD54658F59
,,Videogames,0,,Background,1792,1024,49F09C2913EB72223D02F59B3CEBD4FB
,,Videogames,0,,Background,1792,1024,
,,Videogames,0,,Background,1792,1024,A4DF9D879CBE376FC951B7E5BA1BA990
,,Videogames,0,,Background,1792,1024,F930EFC55A039E0EFAD8D27616746428
,,Videogames,0,,Background,1792,1024,7C6C9D306A5974B3C4126248D8C235E9
,,Videogames,0,,Background,1792,1024,
,,Videogames,0,,Background,1792,1024,8F8FE5BB3D852C6E83557D1DA4AB7DF1
,,Videogames,0,,Background,1792,1024,B89EA086B52AB3C7135FEF866A9A1DB1
,,Videogames,0,,Background,1792,1024,
,,Videogames,0,,Background,1792,1024,9E0A34D7776EBD030E90E8FDE81780B6
,,Videogames,0,,Background,1792,1024,CB5E66731F5346ABB55A0DAEF2CFE068
,,Videogames,0,,Background,1792,1024,772B17ECA189F43E0ECA9FEFCFF73376
,,Videogames,0,,Background,1792,1024,90E6B3AE0DCEEB85C8759FCFB7F5AEBD
,,Videogames,0,,Background,1792,1024,0CB82212BD07A17D7F9780B5AED72FF0
,,Experiments,0,,Object,1024,1024,7009EF4422EE00684EE96A425C3299A4
,,Experiments,0,,Object,1024,1024,3191C56AFAB11FC89931B4B570DD4E47
,,Experiments,0,,Object,1024,1024,C409E35B53AF9A9946DD567FE5B8EC25
,,Experiments,0,,Object,1024,1024,4E8346FDD8852AA6078F81DC56ADF3DE
,,Experiments,0,,Object,1024,1024,52A1D5354C621BA5B9F0DECC21C5A971
,,Experiments,0,,Object,1024,1024,264F587DC52A88AB21DF672567EF0AD0
,,Experiments,0,,Object,1024,1024,31D0B2ECB1A92A0482A594AFBB4E2AA1
,,Experiments,0,,Object,1024,1024,F3A9B2C0D44EE830B7AE06A34C788D2F
,,Experiments,0,,Object,1024,1024,A62A830C46E6CB40F5EC10D64504B43F
,,Experiments,0,,Object,1024,1024,2C649D80090941F65114A67EE40C1405
,,Experiments,0,,Object,1024,1024,D194B245B1C98D8FE2C91B42E7E8B129
,,Experiments,0,,Object,1024,1024,1D89810DFF7570D72395CB6243AB2F02
,,Experiments,0,,Object,1024,1024,75F31CB66766FED3D4A82CC363B72E06
,,Experiments,0,,Object,1024,1024,E8918DBB831C79C1A7EB62506CC681BF
,,Experiments,0,,Object,1024,1024,C8479980C78CB306A9917D750920C48E
,,Experiments,0,,Object,1024,1024,DF1B978F6B2A24FDD56ABFC6780334A6
,,Experiments,0,,Object,1024,1024,A99E45ABC661CB8E874550D343B5A2FF
,,Experiments,0,,Object,1024,1024,E3BB416C7702CA898B7F02B4E9F1AE34
,,Experiments,0,,Object,1024,1024,696B55744183EB0D2FB80F69A20B7CA6
,,Experiments,0,,Object,1024,1024,4199CD491437B0D51BFEB22AAE7835BF
,,Experiments,0,,Object,1024,1024,FDFB9B1D054D2046DAF27DDFDBE4FEE0
,,Experiments,0,,Background,1792,1024,BCA39705395699BDD9E793877D96914B
,,Experiments,0,,Background,1792,1024,782C3F0AE0CA8940ACA6AD7A2A339C79
,,Experiments,0,,Background,1792,1024,A3E2DD8D5D7A722A830AD01877C03085
,,Experiments,0,,Background,1792,1024,1167703D23240C2F7CC605B86B1C5EF0
,,Experiments,0,,Background,1792,1024,52BC3C50DDDEEBBED805B29AC34EC164
,,Experiments,0,,Background,1792,1024,4B74A914C97BEB3A02B63B4CFA4BEB72
,,Experiments,0,,Background,1792,1024,2B080EB0A55A5450C4E161CA487A35CA
,,Experiments,0,,Background,1792,1024,1D735492C1C1CE4B5FB8F1EBC75731D4
,,Experiments,0,,Background,1792,1024,2DCA88C25D4E0C252CBAA93EAF4230E1
,,Experiments,0,,Background,1792,1024,379E87032A6EA9E134D56E6CB69C6E62
,,Experiments,0,,Background,1792,1024,D952DE08713F79E2D556C8EAE8174106
,,Experiments,0,,Background,1792,1024,CEA45697F56E5E3E1E1D8FE080712C88
,,Experiments,0,,Background,1792,1024,382E4164B2D5C8F113EBF0571664F18D
,,Experiments,0,,Background,1792,1024,2C095BD52E680879EC721180EB415065
,,Candy,0,,Object,1024,1024,2CC969D6B222FDF812EE38F883C06393
,,Candy,0,,Object,1024,1024,B6E557F94C8B9A315A9B51581E167E59
,,Candy,0,,Object,1024,1024,EB16486CA0908A2EE581EF3E75511A6C
,,Candy,0,,Object,1024,1024,0C09777EAE70A2514B8DAA9228726B94
,,Candy,0,,Object,1024,1024,9EA5E863556DF05C0B49CE82B1FD84E2
,,Candy,0,,Object,1024,1024,35C5826CB0B06C3CA7D5476980B6583A
,,Candy,0,,Object,1024,1024,ECEA292DA469762413DDD9EFFE90A800
,,Candy,0,,Object,1024,1024,6B15B0B46750C554117A3512DF595A8F
,,Candy,0,,Object,1024,1024,754C9BF1E724FD5D0EA35D7DF6ED99BD
,,Candy,0,,Object,1024,1024,2478164B6ED295435090111EA2011EDF
,,Candy,0,,Object,1024,1024,D203B4A5EE13BD040011BB75107DED9B
,,Candy,0,,Object,1024,1024,3ECB2EC86B51EC2BDCCE5A0AC4144D84
,,Candy,0,,Object,1024,1024,4C2B566C8BFE34B8688F6B39EBBE3CD3
,,Candy,0,,Object,1024,1024,B575EF53C9DC6FFD53F495CEA2DBB668
,,Candy,0,,Object,1024,1024,7B49476EEF7497AF800DE3A4128FE624
,,Candy,0,,Object,1024,1024,70F53A7F9B805A3B68B8982648DC3236
,,Candy,0,,Object,1024,1024,E853024E14801490BE4561242B22AEAC
,,Candy,0,,Object,1024,1024,8926D2AFB27F8CB9AF8B1C69E5CC8FF6
,,Candy,0,,Object,1024,1024,3EF87945A1A63CE8EF6A74C91D95F938
,,Candy,0,,Object,1024,1024,D1CEA72FB1129C55C4B1CC8B41017B9C
,,Candy,0,,Object,1024,1024,5C353482699C609E77B5EAF00192767C
,,Candy,0,,Background,1792,1024,91EBB90C017FD2EA96B0014810305D2A
,,Candy,0,,Background,1792,1024,83AAAD29146298E768857FB437C14F57
,,Candy,0,,Background,1792,1024,B436701F2A84BA71485AE5434C92F19D
,,Candy,0,,Background,1792,1024,18D01874E6C01036CB57DC1551FA4FCC
,,Candy,0,,Background,1792,1024,54C12BB42546774DB608E3A6DAC627BE
,,Candy,0,,Background,1792,1024,C4A342D7DE99D8B978CB3A0C66F93D43
,,Candy,0,,Background,1792,1024,F1A43D56A43EE7B935D0DA19A0807F22
,,Candy,0,,Background,1792,1024,E618812CF4409C5253D625722DFB017A
,,Candy,0,,Background,1792,1024,B76EE26E8D5165D21A4B1AC81895CDB8
,,Candy,0,,Background,1792,1024,69EDC13712D05E6E354461E682215189
,,Candy,0,,Background,1792,1024,5011A0488197F1527201ABC9FF527264
,,Candy,0,,Background,1792,1024,4DBD8542A7EF69C3E51EFB987730BEEB
,,Candy,0,,Background,1792,1024,AA152E3631F5FA4FEF3324AAFAB88D0A
,,Candy,0,,Background,1792,1024,284C755240839EDEAD5E81989AE853A4
,,Nature,0,,Object,1024,1024,8878CEAA5EE83E62D7D967284F36F877
,,Nature,0,,Object,1024,1024,F95C79EFB6D5E8FA96C1324DB80DDF4D
,,Nature,0,,Object,1024,1024,7D30F30E9378EB8F71B335592CE06349
,,Nature,0,,Object,1024,1024,84AF386536059170238808CE35ADAEEC
,,Nature,0,,Object,1024,1024,815147FB5564B61CF341DB3B1B5E705F
,,Nature,0,,Object,1024,1024,417EA8976A239AD2927D394757DB1F75
,,Nature,0,,Object,1024,1024,408D7FCAA402D36B79C0DB5D39F6A992
,,Nature,0,,Object,1024,1024,75A4694F47E5B2C1308C745A2D43965C
,,Nature,0,,Object,1024,1024,9264145E05A2541882DD1232A8DC2DAE
,,Nature,0,,Object,1024,1024,B6ECFD2F5F35E67681B02102D9CD1DAD
,,Nature,0,,Object,1024,1024,587B4CE5C8F43F99276371E3F34FEEBE
,,Nature,0,,Object,1024,1024,B8609BE7BDD7D724E86A829BBF5DB4B7
,,Nature,0,,Object,1024,1024,6ACBEC81FE9D9FF8B3485A705C507ED9
,,Nature,0,,Object,1024,1024,20D7EBF416739B413FB0C4D487BBB527
,,Nature,0,,Object,1024,1024,1AD4E6DEB414B596A8D669EDAAE480A5
,,Nature,0,,Object,1024,1024,DF0CEECB0525FA5A687854FC9F152B86
,,Nature,0,,Object,1024,1024,251644C59E77B2D90D63D58483236B27
,,Nature,0,,Object,1024,1024,5CB48213D053EDA4F941C3F129126011
,,Nature,0,,Object,1024,1024,8378C777371479F56FB4B536EE3D436B
,,Nature,0,,Object,1024,1024,AB702D22FC345F041C5E7F39F21E465D
,,Nature,0,,Object,1024,1024,8FA403E7412457B9954632CA7E9DB1CE
,,Nature,0,,Background,1792,1024,7CA62C3215781EC8471886D6B27DFF8D
,,Nature,0,,Background,1792,1024,256378F6E4E2209FAC12C0159F45A05F
,,Nature,0,,Background,1792,1024,2B32448C1FFADAB245326B2D019E7A58
,,Nature,0,,Background,1792,1024,E875D088336D4D965D8C83BE60F64882
,,Nature,0,,Background,1792,1024,82256C4378EFDE7A61FDC5F466B47B06
,,Nature,0,,Background,1792,1024,8A331D65389D2E36AA083674B521C9FC
,,Nature,0,,Background,1792,1024,0211C23EC40E2883EDA2B6FF3F39E98D
,,Nature,0,,Background,1792,1024,FFBF6C839CEB39DCC7BE28B991BCBE6E
,,Nature,0,,Background,1792,1024,77B323B21B8292160A731E3A1BFEFCA2
,,Nature,0,,Background,1792,1024,ACFDDFD9DD0CC3554A4F200A0E602231
,,Nature,0,,Background,1792,1024,30F7AED7E9198A40A45966C464BCA23A
,,Nature,0,,Background,1792,1024,922833CEDBBE4CAB5FE7DB4AECFC9CDE
,,Nature,0,,Background,1792,1024,467BFED53F64D1400CCB83C51C0EB9A4
,,Nature,0,,Background,1792,1024,2D632728D17D4C9E48685FCE125E43EA
,,Nature,0,,Background,1792,1024,AB5081FBC773CFF19D9292618395BAD4
,,Science,0,,Object,1024,1024,3FC9213E6A9D0AC88959499E58E809DB
,,Science,0,,Object,1024,1024,CC6B3AA1698BF70A7EB3B6AA923A599F
,,Science,0,,Object,1024,1024,C55FD4D786739EA1F34E5C1CDAD85F4C
,,Science,0,,Object,1024,1024,7ED3FBB2098375CE8904DB03486A3B44
,,Science,0,,Object,1024,1024,C4C78786C7CB7F004C01546F4FAE17BD
,,Science,0,,Object,1024,1024,64C77D5432A9E5663BD2F2C9247A1854
,,Science,0,,Object,1024,1024,46272438AE36DBCA039A7F4F375BDA38
,,Science,0,,Object,1024,1024,23AB34C54F6CB0209B0DB7FE3F438C6C
,,Science,0,,Object,1024,1024,7377D6AC0ACE378427FEBD5A1BD28CE3
,,Science,0,,Object,1024,1024,938142025CDB673E72E45191F8E4AB51
,,Science,0,,Object,1024,1024,96F38053658DEF4F21BC6E5B5FE89F4A
,,Science,0,,Object,1024,1024,E3062BC27F775327C6462F5384725EB5
,,Science,0,,Object,1024,1024,89286F4C86951F5DA1F9FE9C963048ED
,,Science,0,,Object,1024,1024,951C84C06494234B07773089A8322B4F
,,Science,0,,Object,1024,1024,0A3F7ACCCAE08325635F0026530D0BA8
,,Science,0,,Object,1024,1024,EB70AC2244472BED6C3014DEAB3C4813
,,Science,0,,Object,1024,1024,81CB5DBF3EF80C6DFE07A9D52962E414
,,Science,0,,Object,1024,1024,85751055EED553DCC778624B7D2DEFD8
,,Science,0,,Object,1024,1024,799285A6B5782505DDB022732AC08D17
,,Science,0,,Object,1024,1024,C85409B391EB0F2C803D770A463FD43C
,,Science,0,,Object,1024,1024,20EAF21EBCFC82DD4D16FEDD5364A915
,,Science,0,,Object,1024,1024,AB1EC6D1C3D7F8CA4B4C83F36CF866C9
,,Science,0,,Background,1792,1024,FFC44433AF343DDF50F6E132D0AE5895
,,Science,0,,Background,1792,1024,
,,Science,0,,Background,1792,1024,6A1CB5366002051F2BDCD3998D73ED49
,,Science,0,,Background,1792,1024,2D63274E15CF273E52B4C363A0016379
,,Science,0,,Background,1792,1024,B06C4DB94A439D9187060E8A80215F5E
,,Science,0,,Background,1792,1024,2441312852AC3B37C3D60B7C837FC493
,,Science,0,,Background,1792,1024,5646847601986ADB84BB715BE66E8A94
,,Science,0,,Background,1792,1024,403ACB42DD0871C53271B8B89446F3C6
,,Science,0,,Background,1792,1024,
,,Science,0,,Background,1792,1024,D44684FD8B834D8B58F1F3A8228516A7
,,Science,0,,Background,1792,1024,B5841AFB2897AC6796824A3A0F0479B2
,,Science,0,,Background,1792,1024,CC3D60D7C4812976A250DE71BB8471A6
,,Science,0,,Background,1792,1024,
,,Science,0,,Background,1792,1024,B1A87D8D43121ADDDF24B1226F2A725E
