T-Rex,LivingBeing,Dinosaurces,0,,Object,1024,1024,B40255DB68F1B84A9E03B60B5A09EAB7.png
Ballerina,LivingBeing,Dancing,0,,Object,1024,1024,1813682B5D64D730FE4F6DB50E85AC1A.png
Wizard,LivingBeing,Magic,0,,Object,1024,1024,B7CED33C3A25848199232A46EF4C8F78.png
Astronaut,LivingBeing,Space,0,,Object,1024,1024,781A880B396D92F51DFD8C1EE9510E21.png
Lightning McQueen,LivingBeing,Cars,0,,Object,1024,1024,D8CD44BD012AF80522712C24A64EE0FC.png
Artist,LivingBeing,Drawing,0,,Object,1024,1024,A38F48B7FD2043357EE965A6F1985A3C.png
Lego Man,LivingBeing,Builging Blocks,0,,Object,1024,1024,72224285C9EF91EC36160171A183D1C7.png
Lion,LivingBeing,Animals,0,,Object,1024,1024,BE26B58D2C06DB19A824AF53F68D34E8.png
Popstar,LivingBeing,Singing,0,,Object,1024,1024,190E74B6476E16A1B48F606D9BF5931D.png
Indiana Jones,LivingBeing,Adventures,0,,Object,1024,1024,A8F4414D3AAB656FE1AEFF58E1B7B531.png
Mario,LivingBeing,Videogames,0,,Object,1024,1024,F8393FFB84479DE4326C2D720E6AD042.png
Mad Scientist,LivingBeing,Experiments,0,,Object,1024,1024,31DF758F33CC65D75067E854FA9389DB.png
Gummy Bear,LivingBeing,Candy,0,,Object,1024,1024,CFDA44AB3BEF9D4051F46CB183F8115E.png
Butterfly,LivingBeing,Nature,0,,Object,1024,1024,AEB725EE3BA23D36F79766399F5720E4.png
Scientist,LivingBeing,Science,0,,Object,1024,1024,6C70D81AD6F48A19D8F276346CB8E7CA.png
,,Cartoon monsters,0,,Object,1024,1024,57696842904E70F80F2062BE0609029E.png
,,Cartoon monsters,0,,Object,1024,1024,4DEFA1CA08D17AF512B915B6E409A8C1.png
,,Dinosaurces,0,,Object,1024,1024,384CE79BB3FED3534C35713F0ED16D0C.png
,,Dinosaurces,0,,Object,1024,1024,833ACCE3F78268F015EA6D92CE50B499.png
,,Dancing,0,,Object,1024,1024,77359B82374830ADB305FEE399760131.png
,,Dancing,0,,Object,1024,1024,142BD2683AE466F2ECF56A8CD964ECA6.png
,,Magic,0,,Object,1024,1024,F2CB8BF3EFC8BFFD32643C6296A424E0.png
,,Magic,0,,Object,1024,1024,016802FEB3868DD48937BDFCE83AB9A0.png
,,Space,0,,Object,1024,1024,031DA67D5FCE9FE0586D0629F85E72E0.png
,,Space,0,,Object,1024,1024,5A505F82089833FE549A4DA56DE9E99B.png
,,Space,0,,Object,1024,1024,2B01364AF2DD3A48FCFE1A0A502E2872.png
,,Space,0,,Object,1024,1024,CC7D9FD72E677BB131C3DA0D6694DC65.png
,,Cars,0,,Object,1024,1024,8A19F63965828B9F701E9AB78B1AB4C9.png
,,Cars,0,,Object,1024,1024,9934F846E68B9AC395C46A6A2DDC29DC.png
,,Drawing,0,,Object,1024,1024,8283DBEFD4A387BBF21446074A0DB98C.png
,,Drawing,0,,Object,1024,1024,53ECAC8A2A60F9E764CA2FBF80FDC151.png
,,Builging Blocks,0,,Object,1024,1024,EC66A395CB6600420ECA1E327762291D.png
,,Builging Blocks,0,,Object,1024,1024,3FB23112AEB8C534450D37867A5DBC61.png
,,Animals,0,,Object,1024,1024,8F79148B487E89AA5CC24078D7F19DCE.png
,,Animals,0,,Object,1024,1024,5FC748143E16E91FB6328F63DDD3B6BC.png
,,Singing,0,,Object,1024,1024,4991D9C1CC880C1E97CB93DEDA41D16D.png
,,Singing,0,,Object,1024,1024,9DDFD041675705525864E0E1EDD71C22.png
,,Singing,0,,Object,1024,1024,2752B2BC80B71CB2C4EB2438B3A1CB20.png
,,Singing,0,,Object,1024,1024,B3AB1ABEC52AFD709BAC957DCA5376EB.png
,,Adventures,0,,Object,1024,1024,445DC85358819501B8C0F8CF0CF9114C.png
,,Adventures,0,,Object,1024,1024,0B2A635F4EB93BCB8C0998E12DB266A0.png
,,Videogames,0,,Object,1024,1024,829D2F2EA9B1FB5E0A22D4546D14F473.png
,,Videogames,0,,Object,1024,1024,B521F6412B8AB2063A37A6B07329E231.png
,,Experiments,0,,Object,1024,1024,8E59EEB174F48E726B13DAD70101CA86.png
,,Experiments,0,,Object,1024,1024,94DAFCD4BEAC47E0E676307CD2206E15.png
,,Candy,0,,Object,1024,1024,E6A8B9B466A6E3C2BE6BF7A157F8EC65.png
,,Candy,0,,Object,1024,1024,D9F21947ACE15E5B492B1567AA51A9FD.png
,,Nature,0,,Object,1024,1024,FABC2CFF0DE6899A5D5A3CE5213FE316.png
,,Nature,0,,Object,1024,1024,3E40BCA944500C3ACB242651E8AC6AD9.png
,,Science,0,,Object,1024,1024,ABB9E1CBB9BC406FD97CDE56F12CBFC2.png
,,Science,0,,Object,1024,1024,4F96D6AF0EC9D08E6FDAD3F325A5D496.png
,,Cartoon monsters,0,,Background,1792,1024,E8379F6EA6BAD67E0D9FE7DC2BCD2440.png
,,Dinosaurces,0,,Background,1792,1024,63649C6B659E5EE51D05F2C9CD45A01A.png
,,Dancing,0,,Background,1792,1024,7E3AF38986A09E66C41FBE2B4CC0352B.png
,,Magic,0,,Background,1792,1024,657B53E3C0A52E1A2E600F752DA0486E.png
,,Space,0,,Background,1792,1024,82792F08318BB9825C3D85FBCC2F1475.png
,,Cars,0,,Background,1792,1024,7B6D36FA4684743638CE0F6195DE905D.png
,,Drawing,0,,Background,1792,1024,2BB12A8D43FD2C05E89EADF8527C67C4.png
,,Builging Blocks,0,,Background,1792,1024,FB4019A0B8AC4F7749250BBCF5D66FA4.png
,,Singing,0,,Background,1792,1024,218ADE0E30BF8E4B4368F41182F1F135.png
,,Videogames,0,,Background,1792,1024,42438526B22346E56481DE5A5BF45F13.png
,,Experiments,0,,Background,1792,1024,629A6075536DE24FC9D15541F8F70C1E.png
,,Candy,0,,Background,1792,1024,CDE5427B994292917BF5C43FC6DEC3D5.png
,,Nature,0,,Background,1792,1024,373C2457E715E2C8620BB9674F973289.png
,,Science,0,,Background,1792,1024,C6D93B14CEFCF439BD31482F22A6E2A4.png
,,Space,0,,Background,1792,1024,A74819ABFAB0C51CEF587BA3409660EB.png
,,Cars,0,,Background,1792,1024,8C2FE70090180420EB0755FA90196025.png
,,Drawing,0,,Background,1792,1024,137EC8D017820A00344649E8F47F0FF2.png
,,Builging Blocks,0,,Background,1792,1024,E9AADC2B7B98AF48A955FFBBB9F25C4A.png
,,Animals,0,,Background,1792,1024,01A96E0FEB333B1DFCF6A2B61D56A54C.png
,,Singing,0,,Background,1792,1024,ADE0A57E309F4228F716B713867DD8B5.png
,,Cartoon monsters,0,,Background,1792,1024,C2B8C937578C4C11EC653251BD859514.png
,,Dinosaurces,0,,Background,1792,1024,8ADBE68012F308D7C0441D3B58C93D5D.png
,,Dancing,0,,Background,1792,1024,6E81C28B6980B1D553C04C04C19C109D.png
,,Magic,0,,Background,1792,1024,CC715ED207060F3DAF399F71E2E96281.png
,,Space,0,,Background,1792,1024,9BC5B9E22B9111992E1A5EA6B5E51D93.png
,,Drawing,0,,Background,1792,1024,E40B47F0461D6C2C62BAFEB2BE3C7A10.png
,,Builging Blocks,0,,Background,1792,1024,EA1C14180E14A487B51472AEB52B1B08.png
,,Animals,0,,Background,1792,1024,EA9041246B2570980CC469A941C6B34F.png
,,Singing,0,,Background,1792,1024,0D6C586901B404A73B641AE60A2B7C35.png
,,Adventures,0,,Background,1792,1024,05735B8B24055DCC35E4FBC4AE4325EA.png
,,Experiments,0,,Background,1792,1024,7056FC5B6CCACED05FF397E35E4EC8CB.png
,,Candy,0,,Background,1792,1024,A22CB171F5A6A67B27917D82BCDE1F97.png
,,Nature,0,,Background,1792,1024,29ACBFC934509C70F4B66058A7C0B9AB.png
,,Science,0,,Background,1792,1024,C79F88F6AECB71E01C8E6793FCE8BF32.png
,,Cartoon monsters,0,,Background,1792,1024,C3E674AED748093036099B0C82722BFC.png
,,Dinosaurces,0,,Background,1792,1024,CFB502B6AFD643312BA4E8848F08D447.png
,,Dancing,0,,Background,1792,1024,0A25E6F4151D72C7769D861A77F36FAE.png
,,Magic,0,,Background,1792,1024,2D994EECBF5B904F9F68894694A3CF6B.png
,,Space,0,,Background,1792,1024,DB231E3237EB6AD2228B5B66B7A1BFFD.png
,,Cars,0,,Background,1792,1024,5FE335933F222B2925DC1BF56A86FB62.png
,,Drawing,0,,Background,1792,1024,22CFF5258690EC10ACF3D35150D7C3F8.png
,,Builging Blocks,0,,Background,1792,1024,BBDFCE96020B461B7576A882899F1FE4.png
,,Animals,0,,Background,1792,1024,E197DF065A6B67C8A261C49A9329A49F.png
,,Singing,0,,Background,1792,1024,148EDDFA1980316B83DE3B69648A54F7.png
,,Adventures,0,,Background,1792,1024,F9B56F65122A0060472865FCE83C5EE8.png
,,Videogames,0,,Background,1792,1024,8FCF68C0F8A346D2774B86CE12146391.png
,,Experiments,0,,Background,1792,1024,05C776D0E30794701A743F818984DC5A.png
,,Candy,0,,Background,1792,1024,510A6AE4532CA67BCA1D8BAF5D181B3E.png
,,Nature,0,,Background,1792,1024,82E5E5C6CA6D8CE724010AAA594B46BA.png
,,Science,0,,Background,1792,1024,B717347CB5B60BDE93F522905652582C.png
Mouse,WordsStartingWithLetters,,0,M,Object,1024,1024,F6EF3901A2F3ED9E4098A47340E29233.png
Monkey,WordsStartingWithLetters,,0,M,Object,1024,1024,567FBD9B4EA278CAE6C3EA61B4E40654.png
Worm,WordsStartingWithLetters,,0,W,Object,1024,1024,511DFE40E5FEEB04333D364E7B476FE5.png
Whale,WordsStartingWithLetters,,0,W,Object,1024,1024,5EB062676F680F2649FFD32C4E760632.png
Wheel,WordsStartingWithLetters,,0,W,Object,1024,1024,99D003BA328A8A435A2CA0BD0A0CBA97.png
Water,WordsStartingWithLetters,,0,W,Object,1024,1024,48E9E3E8C2ACB212F0A4DA9F844E1884.png
Ball,WordsStartingWithLetters,,0,B,Object,1024,1024,9385E96FD5641E4CA13C35B9D233652F.png
Bear,WordsStartingWithLetters,,0,B,Object,1024,1024,5599306DFB03B6F8422528DBAD8BF7E8.png
Bird,WordsStartingWithLetters,,0,B,Object,1024,1024,439394952AB98A737051F7C7796E4617.png
Bottle,WordsStartingWithLetters,,0,B,Object,1024,1024,50FB66C19661B6B33DD0BEDB29AD1355.png
Duck,WordsStartingWithLetters,,0,D,Object,1024,1024,CDC6B0051E4114E7C3BC768351921A4E.png
Dog,WordsStartingWithLetters,,0,D,Object,1024,1024,730A4A9737885B15FC5F5DB47CC358F7.png
Doll,WordsStartingWithLetters,,0,D,Object,1024,1024,EEC93EDECA69EF335229F8518AEED615.png
Dad,WordsStartingWithLetters,,0,D,Object,1024,1024,C5A58CC47A3F7EBC6181C6DB7CA517E1.png
Hat,WordsStartingWithLetters,,0,H,Object,1024,1024,8F57A344DD9D152C9D5B90F6BD0D7D49.png
Hand,WordsStartingWithLetters,,0,H,Object,1024,1024,FEF4492B2A9271F849892EB527F42D3C.png
Heart,WordsStartingWithLetters,,0,H,Object,1024,1024,C0E8700E8C62B99DE991532279A328BE.png
House,WordsStartingWithLetters,,0,H,Object,1024,1024,AFAE34C66CF0065490C6DBEEE1334D6A.png
Nap,WordsStartingWithLetters,,0,N,Object,1024,1024,F0863339893FD808CA3D7F65ADEFF04E.png
Nose,WordsStartingWithLetters,,0,N,Object,1024,1024,C2C097E2A3F059C8FAF7A865C521A948.png
Nut,WordsStartingWithLetters,,0,N,Object,1024,1024,100A6E54C9901AF13C264C1FA161E788.png
Nest,WordsStartingWithLetters,,0,N,Object,1024,1024,12E881F4BD9E9FB4FA35E3F444E6052D.png
Moon,WordsStartingWithLetters,,0,M,Object,1024,1024,3D4FF7B8441B8C390FC246C191937409.png
Mama,WordsStartingWithLetters,,0,M,Object,1024,1024,969F8D7D7C35F316196D76011DF9C12D.png
Napkin,WordsStartingWithLetters,,0,N,Object,1024,1024,83EEFBE2967357C4119225F2AFD7015F.png
Noodle,WordsStartingWithLetters,,0,N,Object,1024,1024,9C38620E4AFD87E8F0CF31D9CDE38B8E.png
Puppy,WordsStartingWithLetters,,0,P,Object,1024,1024,F67061E51456F844EE63CFD5B625494F.png
Piglet,WordsStartingWithLetters,,0,P,Object,1024,1024,C0BF8308C98DBDD31229BDF1F42B7D47.png
Puddle,WordsStartingWithLetters,,0,P,Object,1024,1024,9DA4DBF2C6EE540B5C0C3CAD5190965D.png
Pacifier,WordsStartingWithLetters,,0,P,Object,1024,1024,540A41D91129B145904ABC6C10A51657.png
Quack,WordsStartingWithLetters,,0,Q,Object,1024,1024,AB5801A217984836C0DCC80DC84F595B.png
Queen,WordsStartingWithLetters,,0,Q,Object,1024,1024,025733C7432B3DD3D74DCEB0E22CB1AB.png
Quiet,WordsStartingWithLetters,,0,Q,Object,1024,1024,8B50CA393EEDBE0F7C6927654B23BC24.png
Inch,WordsStartingWithLetters,,0,I,Object,1024,1024,AD21E4DDEE1ED0090A4A2143F4D80782.png
Igloo,WordsStartingWithLetters,,0,I,Object,1024,1024,CCB465223C97564CA82DFEC8DA999262.png
Insect,WordsStartingWithLetters,,0,I,Object,1024,1024,58146A6405374BC6C0A688D2A60B61FE.png
Iceberg,WordsStartingWithLetters,,0,I,Object,1024,1024,D3A44D872CFD052F6DB16CDD39077131.png
Juice,WordsStartingWithLetters,,0,J,Object,1024,1024,95AB372C89CF1384892E0D65887514FD.png
Jacket,WordsStartingWithLetters,,0,J,Object,1024,1024,0063B71CE8A8A091A4113C6707A0C5A1.png
Jelly,WordsStartingWithLetters,,0,J,Object,1024,1024,B8B81C0794A262C8F69769F8E99C21E5.png
Jingle,WordsStartingWithLetters,,0,J,Object,1024,1024,A4D12C3AD0A10FCF62C0470A2F9B52B9.png
Fish,WordsStartingWithLetters,,0,F,Object,1024,1024,9B5EFC007C3FC3EECF0729BD1DCFB76B.png
Frog,WordsStartingWithLetters,,0,F,Object,1024,1024,F6E7BEFDD10777CFBEF5F791599CFC45.png
Flower,WordsStartingWithLetters,,0,F,Object,1024,1024,B8C046483048D5FCED67ACECA7A3DB1E.png
Feather,WordsStartingWithLetters,,0,F,Object,1024,1024,A34C814249CD36FE2D8B3ED67865E1E2.png
Toy,WordsStartingWithLetters,,0,T,Object,1024,1024,B8DA7119070D8ED2C32F5375519B2ADC.png
Teddy,WordsStartingWithLetters,,0,T,Object,1024,1024,3D03172095B473E9193F131ABC34C6AE.png
Tummy,WordsStartingWithLetters,,0,T,Object,1024,1024,99283955FB8825D93EB183A048853594.png
Toddler,WordsStartingWithLetters,,0,T,Object,1024,1024,4E40F43F28D9117A9D3FE2F1EB4CCDE8.png
,,Cartoon monsters,0,,Background,1792,1024,28203A78AD9B89FB1919D7EB2035C339.png
,,Cartoon monsters,0,,Background,1792,1024,AE08D8907794ACD33CBEDB3269DADB15.png
,,Cartoon monsters,0,,Background,1792,1024,E8815BAAF26F10A19262D98F630C2306.png
,,Cartoon monsters,0,,Background,1792,1024,ACE98EC4D0CE213F26771D60AC8F1AAE.png
,,Cartoon monsters,0,,Background,1792,1024,062CB6E74086B19D8D0B906CE9AB5465.png
,,Cartoon monsters,0,,Background,1792,1024,E30441DAEFBB4EF2DC95233EDB8BAA1F.png
,,Dinosaurces,0,,Background,1792,1024,FACF0D6906FA7A05E3769CAE21C1B2B6.png
,,Dinosaurces,0,,Background,1792,1024,E0BD0C7B084E29CC65668ADAC853A3CE.png
,,Dinosaurces,0,,Background,1792,1024,1DD3C4AEB11A08FEE446B7A4E02EFF37.png
,,Dinosaurces,0,,Background,1792,1024,4CF86233812DFA3C8662FBBAD296614E.png
,,Dinosaurces,0,,Background,1792,1024,B3AB8F3C319F37A08F210319BADE1FBB.png
,,Dinosaurces,0,,Background,1792,1024,5251B4E49B65AAFAC77007F65C049E15.png
,,Dancing,0,,Background,1792,1024,3621C958D22F27D2A07DB7C7CFE495D9.png
,,Dancing,0,,Background,1792,1024,9079FAD7C12CCC35B3AA3B126023896D.png
,,Dancing,0,,Background,1792,1024,A89E9E58B03E117EA3903FA0033241EE.png
,,Dancing,0,,Background,1792,1024,0BCCF0B84E29ADA5C76CF5E2C6D546CD.png
,,Dancing,0,,Background,1792,1024,04B54F3F1720395853BD3B253C44723C.png
,,Dancing,0,,Background,1792,1024,23199EB7A86DFBE48BC2CDB857ADF8AC.png
,,Magic,0,,Background,1792,1024,121F3D99BC43E3B47CE1554EE11BEA4E.png
,,Magic,0,,Background,1792,1024,11D35BABC70274756D9CF083895F41A4.png
,,Magic,0,,Background,1792,1024,4C12F2FB0ADBB8DBB0A7E104D5100D4A.png
,,Magic,0,,Background,1792,1024,75105DAE5E02EDEAB2AA709E9E89050D.png
,,Magic,0,,Background,1792,1024,86B51B3F403710EBB3F723E23087C709.png
,,Magic,0,,Background,1792,1024,81274BA341386F4ADC146DCEB11F8480.png
,,Space,0,,Background,1792,1024,CC45165BF233C6211AEDAF6150359387.png
,,Space,0,,Background,1792,1024,AA3B063378F290DDD8CB7CC833D51643.png
,,Space,0,,Background,1792,1024,C91FB36ECA08FD61BEFCAF8B70B9BD51.png
,,Space,0,,Background,1792,1024,0802B596FC70474CD5E280E74B897068.png
,,Space,0,,Background,1792,1024,46413649EBBAAC087D8D9D8B40F1085B.png
,,Cars,0,,Background,1792,1024,28FC73203F31A22ACCE9BBDD24DFD16A.png
,,Cars,0,,Background,1792,1024,0B1654306EDC8C055BE06D67154E2089.png
,,Cars,0,,Background,1792,1024,3E516F531BAA01D4612478AC22C9C2AF.png
,,Cars,0,,Background,1792,1024,56FFD640E0CF481612F3D938325DBA70.png
,,Cars,0,,Background,1792,1024,F2CC406445DDEB82C56ECE6D2510707B.png
,,Cars,0,,Background,1792,1024,C7228AAAB015D6186634D00A8EA899B5.png
,,Drawing,0,,Background,1792,1024,11C5D60599B17B4F7F899678B641FC97.png
,,Drawing,0,,Background,1792,1024,9CA93A03B00844C0D08A03669F0C4EEA.png
,,Drawing,0,,Background,1792,1024,6F0A58C4A35F863054C5A7DAA666AD16.png
,,Drawing,0,,Background,1792,1024,190D55451F08C577BF41A717E8A646BE.png
,,Drawing,0,,Background,1792,1024,915C4A5A6C612B11F66226BCF04B510A.png
,,Builging Blocks,0,,Background,1792,1024,138DE5F43967CA9772BDDCB4123EB1CD.png
,,Builging Blocks,0,,Background,1792,1024,A14BD1B8F3C6910473E9A7EC7E3915F1.png
,,Builging Blocks,0,,Background,1792,1024,C1A3E548B09AFAE154DAA753BC081EE5.png
,,Builging Blocks,0,,Background,1792,1024,3DB15E9EA184A2D28E521CA09943FD46.png
,,Builging Blocks,0,,Background,1792,1024,5B7AEA80A651A9EB72E6DFA2933413F6.png
,,Animals,0,,Background,1792,1024,5C628CC96A23CC3D6FA2546622E3071B.png
,,Animals,0,,Background,1792,1024,D55C6AAB2376EF9AADB2AEF0C7007DC5.png
,,Animals,0,,Background,1792,1024,91B333DC7A3E9F6E06216580973B1FD7.png
,,Animals,0,,Background,1792,1024,690E9E7A56D38E6108345930ED051FD2.png
,,Animals,0,,Background,1792,1024,A8CA29934745BA993749BFED2BCC1A70.png
,,Animals,0,,Background,1792,1024,DCF1BF3F259109507DD72A2A36AC424D.png
,,Singing,0,,Background,1792,1024,93BD3F903DF3D2FD33106EA2F5903E88.png
,,Singing,0,,Background,1792,1024,A0EC5B0359BF8688F6C45A443EE72987.png
,,Singing,0,,Background,1792,1024,3D98F8CD39CDB90B2F6541D3EDC0E243.png
,,Singing,0,,Background,1792,1024,A44A6954F58BF4093670BB0AC9EB5895.png
,,Singing,0,,Background,1792,1024,FCFAD9370D90855E8283C247D0B788EE.png
,,Adventures,0,,Background,1792,1024,F244E35D1C23E89E160975142CA90408.png
,,Adventures,0,,Background,1792,1024,453A0B39E0254198903CE01C19A04A34.png
,,Adventures,0,,Background,1792,1024,29B937CDBD438F7B393FB0DA10B7A5F7.png
,,Adventures,0,,Background,1792,1024,9A8CAB8CEA34534850627F0D0EF116CA.png
,,Adventures,0,,Background,1792,1024,CFFC649D0A64DAE5FC01E69C26162F16.png
,,Adventures,0,,Background,1792,1024,0DE6E119D765CB9C9114D5C1D8C62708.png
,,Adventures,0,,Background,1792,1024,62D1736EDD09B8C3A46AC13AAED4FF7C.png
,,Videogames,0,,Background,1792,1024,C7FA34D5C99D46982B602FDECDD5FC0A.png
,,Videogames,0,,Background,1792,1024,DB78C5D7D9758EC2BC27D2AA8EEEB452.png
,,Videogames,0,,Background,1792,1024,6F66DF39B86DD4B481840F60C72514D2.png
,,Videogames,0,,Background,1792,1024,4B7B3B1ECDA18FC533858F834A3B101B.png
,,Videogames,0,,Background,1792,1024,1893092063CF9639A74BCC83C2B1E582.png
,,Videogames,0,,Background,1792,1024,05D3F504631C35108022C6E333EFEEEA.png
,,Videogames,0,,Background,1792,1024,E99B41BC5CDFFF4A4830F6F89D4A90D4.png
,,Experiments,0,,Background,1792,1024,CC2C8F3FEA8CC3B8E40D85FD7465E0B8.png
,,Experiments,0,,Background,1792,1024,7EC209198D5DA5149C95458E9989FA03.png
,,Experiments,0,,Background,1792,1024,DF7D5447179EF01DDE91130DC367BEF9.png
,,Experiments,0,,Background,1792,1024,D50082C924D4D8F55D40785230A96903.png
,,Experiments,0,,Background,1792,1024,18DF67A5D79575A87AE6A6209F3E415C.png
,,Experiments,0,,Background,1792,1024,034BC7B5E5747A7AB550A758898E98C8.png
,,Candy,0,,Background,1792,1024,50A301288B1C075135D0D224221340E2.png
,,Candy,0,,Background,1792,1024,25840ADBDCFE34B402C37E4E225F6CEB.png
,,Candy,0,,Background,1792,1024,0431E1347627569E3052816A9377F7D3.png
,,Candy,0,,Background,1792,1024,7169453E6364646611ECE2DE05874B6D.png
,,Candy,0,,Background,1792,1024,8EB193B3B6F03F10E352A26E5147415B.png
,,Candy,0,,Background,1792,1024,731A601C57A427C60DFF82FA65BB548C.png
,,Nature,0,,Background,1792,1024,ABFBAF7FD00FAC31A572E2FD05BA557C.png
,,Nature,0,,Background,1792,1024,77816AF730FA03E00757AD7DA59FB7BA.png
,,Nature,0,,Background,1792,1024,B249350A6DA436904D00EECF8191965C.png
,,Nature,0,,Background,1792,1024,2E4ED29CCDB20B7824F821E762539F05.png
,,Nature,0,,Background,1792,1024,16771CC3F24B78802E8E20CB932A46E4.png
,,Science,0,,Background,1792,1024,17A26665835220E85949802F487EBAAA.png
,,Science,0,,Background,1792,1024,DE4CB9A59EC4E8D63E16A7DEBE6422E3.png
,,Science,0,,Background,1792,1024,86C71EA148A6EE5E81D09D0BC698B88C.png
,,Science,0,,Background,1792,1024,81BF638F110B1B3CFB79ABF6B1CE0CE0.png
,,Science,0,,Background,1792,1024,10396E70182462B55B39F37D12E08578.png
,,Science,0,,Background,1792,1024,D1D68CB571C7A94F729546F93D070D05.png
,,Cartoon monsters,0,,Background,1792,1024,B79948371A549D3D62D9FBB042F965B2.png
,,Cartoon monsters,0,,Background,1792,1024,BA4158A896ED99A7552E9F764568D403.png
,,Cartoon monsters,0,,Background,1792,1024,5B3C73D45BD0199ED13FEC31FB7AA225.png
,,Cartoon monsters,0,,Background,1792,1024,E63A7940A46946819B872A7ACB942E44.png
,,Cartoon monsters,0,,Background,1792,1024,2BF8BA6D368E6D35E7C50D5AE8F472EC.png
,,Cartoon monsters,0,,Background,1792,1024,036C66E171143AFBD9829311A50A2777.png
,,Cartoon monsters,0,,Background,1792,1024,85F16E6206A206F0A67615248955B491.png
,,Dinosaurces,0,,Background,1792,1024,63233DB402C4A3A6A4C6A0600A0F065A.png
,,Dinosaurces,0,,Background,1792,1024,261DDB8A9E95F7A1ACE445BA0C6253DE.png
,,Dinosaurces,0,,Background,1792,1024,87127010B513738478955BDDB0A06D08.png
,,Dinosaurces,0,,Background,1792,1024,11EE853F8E1011B78E2CBF108DD504D1.png
,,Dinosaurces,0,,Background,1792,1024,F0200CC7D18B60120FF986DAE4A130DB.png
,,Dinosaurces,0,,Background,1792,1024,E2C6088443E69B9EBE4FD8A7B85CBC61.png
,,Dancing,0,,Background,1792,1024,4F5D8E74AD5D717C992883824A76A521.png
,,Dancing,0,,Background,1792,1024,08F5C3125C2B6DFDD7004C4B64C010AD.png
,,Dancing,0,,Background,1792,1024,724575A04AB92DB490E0B4D5CE7227F1.png
,,Dancing,0,,Background,1792,1024,3B3B06D1632C779CC00572A66AC7C728.png
,,Magic,0,,Background,1792,1024,08E2D678165650DC93CE987F4D9E25EF.png
,,Magic,0,,Background,1792,1024,E70DFFC96DA7D3AE6A084DF403D9231B.png
,,Magic,0,,Background,1792,1024,C345281FCD6B3FFA7E68707A43F4DCF9.png
,,Magic,0,,Background,1792,1024,079EE90715CBA1E6E7F34868A192094A.png
,,Magic,0,,Background,1792,1024,54EB830B6209500066059DF91BF9CED5.png
,,Magic,0,,Background,1792,1024,104F1E66F561A22B1A1CA0B52C258BD9.png
,,Space,0,,Background,1792,1024,CF9D77C22C0E03651CA3BD5FD966717E.png
,,Space,0,,Background,1792,1024,6CAC3FEC3741DCE65728E3F21FB09A97.png
,,Space,0,,Background,1792,1024,8A66D61ECB0470E5E588304566C223E7.png
,,Space,0,,Background,1792,1024,EF9D9833A8486CC91F2C220575BB21BF.png
,,Space,0,,Background,1792,1024,BA639C2B47DBA0A2EC2F34C5CF4EABDC.png
,,Cars,0,,Background,1792,1024,E99E413E73060D3CAB1E09389098323D.png
,,Cars,0,,Background,1792,1024,BE5DE71885FAC9C0377E0F740CC19B36.png
,,Cars,0,,Background,1792,1024,6AB20DD97B3203CDE77D9FF63F1292CC.png
,,Cars,0,,Background,1792,1024,1DBE60F4D42F493D8A71E40336A38505.png
,,Cars,0,,Background,1792,1024,0210577B194BBCC88DC2D9F8A39E6B42.png
,,Cars,0,,Background,1792,1024,4D818899F65E4722DEEF319C4D381E33.png
,,Cars,0,,Background,1792,1024,89BFDE40EC9099933B30C5B56ECCB411.png
,,Drawing,0,,Background,1792,1024,D50BF0003EBF4216E46A9357E47D034A.png
,,Drawing,0,,Background,1792,1024,4BFA9A88BD31EE73884157D0DD6F6226.png
,,Drawing,0,,Background,1792,1024,2A433395388E05F61F6165EF4C2B0E00.png
,,Drawing,0,,Background,1792,1024,C74D1EAD82EE19C080EE196B8F4351CA.png
,,Drawing,0,,Background,1792,1024,8D3B52F304B1D185C80C1DCCB1BB1881.png
,,Drawing,0,,Background,1792,1024,B90455622230A8F3860C15A90AEF7C73.png
,,Drawing,0,,Background,1792,1024,8952515625A8C2AB45F7DDD1EC811279.png
,,Builging Blocks,0,,Background,1792,1024,57782585AAFCE945A43172791DF8BDBF.png
,,Builging Blocks,0,,Background,1792,1024,EFE29E4A61191BB8E4464016EC31AF15.png
,,Builging Blocks,0,,Background,1792,1024,F057B92BFFAADB46F9F64233FCDDDD23.png
,,Builging Blocks,0,,Background,1792,1024,C953463D420FFC9E397127C76E3CF591.png
,,Builging Blocks,0,,Background,1792,1024,0835EE7DB80AF692A78E78C3B1FED4EA.png
,,Builging Blocks,0,,Background,1792,1024,E36FC48004D500CB1DF9D060DE7755C3.png
,,Builging Blocks,0,,Background,1792,1024,9FF3CDA27DBFCE45AC7D86B05477F926.png
,,Animals,0,,Background,1792,1024,A1D7DC9CF8B4CA2C950923F7D0090524.png
,,Animals,0,,Background,1792,1024,E43548CA7A29D9F3F6C9DAB4630D3BB9.png
,,Animals,0,,Background,1792,1024,0EF387CD3396F84D392CEBC1972C928E.png
,,Animals,0,,Background,1792,1024,63A8C239EC964DA956A0C012487E36FE.png
,,Animals,0,,Background,1792,1024,905BF14B483EB807D967916E9AF32713.png
,,Animals,0,,Background,1792,1024,B96E4E24677C741B2F9CD87CE29A05DC.png
,,Animals,0,,Background,1792,1024,B3B56F7F6C740649030ADA05C8AD4E92.png
,,Singing,0,,Background,1792,1024,0EB5D052BCA846A24CF4A1C71F5423EE.png
,,Singing,0,,Background,1792,1024,D163CCFB073C7E4F36BA7C28CD2FB70B.png
,,Singing,0,,Background,1792,1024,38951C8788F2B6AD06DD9A0E67EAA59E.png
,,Singing,0,,Background,1792,1024,E650B3043DCBCCACE061AA96F87F9043.png
,,Singing,0,,Background,1792,1024,8F044A317758028B55155ED57D773D0D.png
,,Adventures,0,,Background,1792,1024,462D12D96BE5BB6DCFA176527E67317A.png
,,Adventures,0,,Background,1792,1024,DF7C44F5D37C2F9CC8C8B4CFB23AB7DF.png
,,Adventures,0,,Background,1792,1024,2032256C2D4C296E4249ECAB861A5B53.png
,,Adventures,0,,Background,1792,1024,4EAF222AAA755988612B14033151A359.png
,,Adventures,0,,Background,1792,1024,AAF91BA7CC36C218F46FB4B25239F1AB.png
,,Adventures,0,,Background,1792,1024,70029A31DAEFBA0B0B4D100315BDC505.png
,,Videogames,0,,Background,1792,1024,3078970D5757939226D238FC964A1F2C.png
,,Videogames,0,,Background,1792,1024,9678A84ED060DC75EDA90459867D6FC2.png
,,Videogames,0,,Background,1792,1024,9A5B7BA34F532702B9864FED4A1D7ECF.png
,,Videogames,0,,Background,1792,1024,4969E61F8D002D2359AFC7EE7E500FB1.png
,,Videogames,0,,Background,1792,1024,6B42B0E5691279892DD4600C38102268.png
,,Experiments,0,,Background,1792,1024,879F02D132ECF33DB1C6E3E436847284.png
,,Experiments,0,,Background,1792,1024,9AA65A7A07E26CB60C9AF9C2B98F9D75.png
,,Experiments,0,,Background,1792,1024,BA13242654F899F90FA21986033B493E.png
,,Experiments,0,,Background,1792,1024,14B5A92A9C4E502FADEF04FD521A4B8A.png
,,Experiments,0,,Background,1792,1024,DDDECC249344B970DD0CFCFB17DEDA61.png
,,Experiments,0,,Background,1792,1024,89C9282DC35440CD942C2B3F5C3AFBED.png
,,Experiments,0,,Background,1792,1024,F4E8663DC665CE940ADEF7E6236C2486.png
,,Candy,0,,Background,1792,1024,C075BB2EB1693D2E3C43ADC0C65AA3E0.png
,,Candy,0,,Background,1792,1024,78EC2B0FE90C7B7F228636703E0C1524.png
,,Candy,0,,Background,1792,1024,1ABDEF5672CFEECABBFD9B20D4AFFFD2.png
,,Candy,0,,Background,1792,1024,23BE228251A531ABABF999A75033BD6B.png
,,Candy,0,,Background,1792,1024,0647440BB434944CE17A983C60A9DB76.png
,,Candy,0,,Background,1792,1024,6BDA703185767F143D32E550ADCE8FB5.png
,,Candy,0,,Background,1792,1024,26E3366668A8A856646617AB04F942A5.png
,,Nature,0,,Background,1792,1024,D37693A18D40F70A38434E355FCE8B9F.png
,,Nature,0,,Background,1792,1024,0E522AEE54606CEEA459F254022DE271.png
,,Nature,0,,Background,1792,1024,E439CB732933F16B35F2039A1970C54D.png
,,Nature,0,,Background,1792,1024,C8F6848DABE37FB5568D4D6447BD0FCA.png
,,Nature,0,,Background,1792,1024,6A9469BE484203495B8756B23A4E87BC.png
,,Nature,0,,Background,1792,1024,DEB49F6950D6E8D9F864BCAEEE608FD2.png
,,Nature,0,,Background,1792,1024,724C4A6A06D5938F73E63950D39CDE07.png
,,Science,0,,Background,1792,1024,282C32AF1E25C4991BEEF911FDE06AEE.png
,,Science,0,,Background,1792,1024,2951D4D4E56114561F5D491FA16403EC.png
,,Science,0,,Background,1792,1024,FB269DB53F8177513D7B509514855076.png
,,Science,0,,Background,1792,1024,7334E2579C8C8B88E025B0D3BCF22E55.png
,,Science,0,,Background,1792,1024,C2A151BEF245F2A601282391DDA77881.png
,,Science,0,,Background,1792,1024,8C2BE4A70224D8E1E563236A48396097.png
,,Science,0,,Background,1792,1024,BEA59F8F3E162D2A1CE48529BD1DFE0F.png
,,Cartoon monsters,0,,Object,1024,1024,0E68D971369FAECD51AADC54407F846E.png
,,Cartoon monsters,0,,Object,1024,1024,3CCCF911C328A2E93E16B176B5190089.png
,,Cartoon monsters,0,,Object,1024,1024,2020328EF6A9AC5F8DFE593042C26EF6.png
,,Cartoon monsters,0,,Object,1024,1024,03B5C54D8031639455075761FA8221D1.png
,,Cartoon monsters,0,,Object,1024,1024,AE417C42103A4CEAE1EE7F703A4F9399.png
,,Cartoon monsters,0,,Object,1024,1024,CE4CF9959DA2FE0375C4DA76EAF3267E.png
,,Dinosaurces,0,,Object,1024,1024,C2462CB06F71FA953E1785461DFC57B8.png
,,Dinosaurces,0,,Object,1024,1024,13C8A336394AE391E9C5F9488508EB78.png
,,Dinosaurces,0,,Object,1024,1024,B4385230069BC87343BC8C66F361BA8A.png
,,Dinosaurces,0,,Object,1024,1024,4EB4753E8703492523DD18E2212CF336.png
,,Dinosaurces,0,,Object,1024,1024,E786AE0263A316741581DD93408CD45D.png
,,Dinosaurces,0,,Object,1024,1024,060FEEBFC57A28BFE0C6B13B28DDBFBD.png
,,Dinosaurces,0,,Object,1024,1024,E904B4F47DBDCC0AA422575A2F375EF6.png
,,Dancing,0,,Object,1024,1024,2CCD09C755B3E229EEF954DC00E260C2.png
,,Dancing,0,,Object,1024,1024,C76AC90E892856983357E2D4DCA2CE51.png
,,Dancing,0,,Object,1024,1024,640CD64F99A4456054C438BD8114D063.png
,,Dancing,0,,Object,1024,1024,684128CE9A7C3287B26DF763DBDF9828.png
,,Dancing,0,,Object,1024,1024,BF14A99C997456BC20BA7FDDB8117B55.png
,,Dancing,0,,Object,1024,1024,DAC2B56AA25F3A9A146A1A62517B5A7D.png
,,Magic,0,,Object,1024,1024,0E09446B33BBE9C374F67D41D2461F6E.png
,,Magic,0,,Object,1024,1024,C30FCD60EAAA9EBEE215FDAB4E95D3CD.png
,,Magic,0,,Object,1024,1024,C741D54F9477C86345F837C31E1B6282.png
,,Magic,0,,Object,1024,1024,4AAECA69974ACD367D349CF64FDEA5D5.png
,,Magic,0,,Object,1024,1024,BF308F0F58CA6CB892AA40548B94822E.png
,,Magic,0,,Object,1024,1024,A15A181882916C54D36066ABE4935E2A.png
,,Magic,0,,Object,1024,1024,DE50A241C3F7FD2E9DF57464C68694DF.png
,,Space,0,,Object,1024,1024,743F4B51BF47524C42792E1C0B1FA262.png
,,Space,0,,Object,1024,1024,64D92A7F54DB0B73E6471E249AAD4AC3.png
,,Space,0,,Object,1024,1024,8127E3CCD63DAC48AD30761B63BFB19D.png
,,Space,0,,Object,1024,1024,E3A42A34EB34FA380B61E2E57F61F0F0.png
,,Space,0,,Object,1024,1024,FA803A17E48D2F397E685A15B9A7170C.png
,,Cars,0,,Object,1024,1024,16F7900D7CED953D4CBC1FEFEA4DC98F.png
,,Cars,0,,Object,1024,1024,575C80988A919CB26B065B89493461E4.png
,,Cars,0,,Object,1024,1024,73FEB36EE321903FA2D3561A51309368.png
,,Cars,0,,Object,1024,1024,C40FCB8B180E81CF7A002D45978F3844.png
,,Cars,0,,Object,1024,1024,6B2896513F114A9167C9198EBADFA88C.png
,,Cars,0,,Object,1024,1024,B952872604ABBD1D7BB8F169829A82A5.png
,,Cars,0,,Object,1024,1024,A3B0976A983898D53EFE6B17876C4E43.png
,,Drawing,0,,Object,1024,1024,1EA5F3968584B5955796136E359F4730.png
,,Drawing,0,,Object,1024,1024,78079CA5AF269242F9E50AFD7244EF94.png
,,Drawing,0,,Object,1024,1024,D10A0642CB22E7009287CE4BA493FE2F.png
,,Drawing,0,,Object,1024,1024,B06F999CBAFB80B6613011F1C6F1821F.png
,,Drawing,0,,Object,1024,1024,CE4A3E632A559666494FA0F288A155BD.png
,,Drawing,0,,Object,1024,1024,59C47441B18134EF6A8D8B1CAEAC2C72.png
,,Drawing,0,,Object,1024,1024,E5F4C222F151756B30CE060183966E41.png
,,Builging Blocks,0,,Object,1024,1024,94DA680C25650C909FF5778F4968CF62.png
,,Builging Blocks,0,,Object,1024,1024,F135742F74F8AC971B86AF0E941D4F9C.png
,,Builging Blocks,0,,Object,1024,1024,5B5234A023879EC8BA2C1B97E31D3606.png
,,Builging Blocks,0,,Object,1024,1024,3501AD94C5353B85E95A2E975FD087A0.png
,,Builging Blocks,0,,Object,1024,1024,960C30FA1F40843A4F19F9AF17B444E9.png
,,Builging Blocks,0,,Object,1024,1024,4728968AEC1503033C3A448F52E047ED.png
,,Builging Blocks,0,,Object,1024,1024,4C58BE6D8E2C35F844E6DE15C6BFA94A.png
,,Animals,0,,Object,1024,1024,871A529B9764F0096B7978BD3807FB56.png
,,Animals,0,,Object,1024,1024,F5C2317A1D058EBE548972643683F4DC.png
,,Animals,0,,Object,1024,1024,67276BBBAE2FD61E1E92A721F1F9F23D.png
,,Animals,0,,Object,1024,1024,1095339AA9A9CD8E84BBDF20654D28BA.png
,,Animals,0,,Object,1024,1024,E100A5AD74ED0DE32948AFC2A99C9F16.png
,,Animals,0,,Object,1024,1024,94A970A77F04FCBB9D37C447BD5B3061.png
,,Animals,0,,Object,1024,1024,FE2495CBAACF71EBA082AC0CB40A1D8E.png
,,Singing,0,,Object,1024,1024,27B14A778697B12B9E1F75DAA2B9EA83.png
,,Singing,0,,Object,1024,1024,803DB0A647B5753032F898B67759674E.png
,,Singing,0,,Object,1024,1024,0A360C09F9ED38A7A93D1C2A0BBBDF9E.png
,,Singing,0,,Object,1024,1024,10A9A8A95F6F1487597E8B1230685C03.png
,,Singing,0,,Object,1024,1024,B1DE2BBCDC24CFE1C6115EEE42A0855F.png
,,Adventures,0,,Object,1024,1024,53AA77434F99C595DC582983D06CF8A5.png
,,Adventures,0,,Object,1024,1024,FDF13323E984219ECFE43EC12EDA06AC.png
,,Adventures,0,,Object,1024,1024,B92AA10FBB076B59585D53967EF616D4.png
,,Adventures,0,,Object,1024,1024,BC68F2E29519CA071BD7CBC85174F56A.png
,,Adventures,0,,Object,1024,1024,827D515217D8321A81FDD6FBF22CF12C.png
,,Adventures,0,,Object,1024,1024,1E9B106132F25203D1548DF088B60A0B.png
,,Adventures,0,,Object,1024,1024,3B68E9A9D09E1A29DE493C1CF98BA118.png
,,Videogames,0,,Object,1024,1024,C93C6AA0A339FB71C49C05D2F1019703.png
,,Videogames,0,,Object,1024,1024,CB5E96975941279970EE577D79CC4155.png
,,Videogames,0,,Object,1024,1024,D90F0E4F4415482BED60E4945D139688.png
,,Videogames,0,,Object,1024,1024,91F0751516B46F16C576B83E8BB1F4E7.png
,,Videogames,0,,Object,1024,1024,AD52D9EE10E72F400692486ABB5A89BB.png
,,Videogames,0,,Object,1024,1024,27FE93C0EEC5C687193064B60F3706CD.png
,,Videogames,0,,Object,1024,1024,276860DF9DD9C2E8BF843E05A9F215B9.png
,,Experiments,0,,Object,1024,1024,00B1A299361AD38D7AAD5F8B2EA90319.png
,,Experiments,0,,Object,1024,1024,0F0ED812DBA856C1CA272B6B1B177DA2.png
,,Experiments,0,,Object,1024,1024,06545BE900F6DE90FEB1DADEFD6AB551.png
,,Experiments,0,,Object,1024,1024,17CA9D48B95BB556B7EE786A35583F45.png
,,Experiments,0,,Object,1024,1024,D28D055B85AF15456AB378FD66A2CB24.png
,,Experiments,0,,Object,1024,1024,DACCF078A52F54C0C325A7F4A1FFD47D.png
,,Experiments,0,,Object,1024,1024,B3CC73F06E2D927964D24F17185CB4B9.png
,,Candy,0,,Object,1024,1024,C92D0231A557B64D24902E8FE7674DF3.png
,,Candy,0,,Object,1024,1024,484E90E8EA6152EF2B299B418C42A892.png
,,Candy,0,,Object,1024,1024,010A2B84854B3BC35D067168B6B6A636.png
,,Candy,0,,Object,1024,1024,DF1FB1C117829CB1BEE9C03676B57EDF.png
,,Candy,0,,Object,1024,1024,F6914AA3834C5C02536A0FA4B5CEAD48.png
,,Candy,0,,Object,1024,1024,C0AE0D6D2E8A6734FE3D7E0718511652.png
,,Candy,0,,Object,1024,1024,37C10531DF28727854208D7CEC4B3568.png
,,Nature,0,,Object,1024,1024,E93E7641836A89C79B1C7948A66A8565.png
,,Nature,0,,Object,1024,1024,0E98F52069B64D4D4357F87EA0953537.png
,,Nature,0,,Object,1024,1024,D12D0DB5E680D3FC61F810665FFA56DA.png
,,Nature,0,,Object,1024,1024,8B633570BB2E3AE8218AE5D24EF4BFC0.png
,,Nature,0,,Object,1024,1024,C4BFC44FB29BB9CE0EC540BA65C169AE.png
,,Nature,0,,Object,1024,1024,59D431E15CC9761236A916FE62724F84.png
,,Nature,0,,Object,1024,1024,EA887217A7A5A72CB635CE4DB01C6F2A.png
,,Science,0,,Object,1024,1024,3AC51CA28BF43ED921AB623229DE593D.png
,,Science,0,,Object,1024,1024,E35B1A1E7E76868B32B355720B6F0B35.png
,,Science,0,,Object,1024,1024,E6CD66D36A7EA5AC23AD332506994E6F.png
,,Science,0,,Object,1024,1024,C0AFFE00E7C56D47CDCA0A5D28284FA2.png
,,Science,0,,Object,1024,1024,B31A16F9F8507D9EEB22A9DECC95C3A5.png
,,Science,0,,Object,1024,1024,13078E27B6EDAB30178507D76063B7C8.png
Cat,CVC,,0,,Object,1024,1024,D53423C65DAC638027CB834011F99EDB.png
Dog,CVC,,0,,Object,1024,1024,18BE638A4403AA8B49719BFA5D309485.png
Hat,CVC,,0,,Object,1024,1024,BEF42F1A4FA3CE58B43C717203E884C8.png
Box,CVC,,0,,Object,1024,1024,C32C70E2AECE2A801284A1FD56A0CAF4.png
Bat,CVC,,0,,Object,1024,1024,48D76DFEE8C0F88BC5510B60FE5BEDCE.png
Mat,CVC,,0,,Object,1024,1024,B791EFAC9714B3FC596871BEB01CF537.png
Rug,CVC,,0,,Object,1024,1024,3799EB3451D95C9C24B5F28A9BC83F7F.png
Bus,CVC,,0,,Object,1024,1024,31F046F83D6DAA3E7C291C981A36CAE9.png
Mug,CVC,,0,,Object,1024,1024,FEACC44920CEC25D59C9480EAF2F9695.png
Lip,CVC,,0,,Object,1024,1024,3B981593AA3D50B327805D5DE54B0A14.png
Net,CVC,,0,,Object,1024,1024,C7D8E1F0987072E275BEFA9994A588C6.png
Pot,CVC,,0,,Object,1024,1024,F2D7B1DE2BCC84EE5B54786B1DAD68F0.png
Sun,CVC,,0,,Object,1024,1024,9C2A15740A2CFA3B5DDBC412BB52D4A2.png
Fan,CVC,,0,,Object,1024,1024,46CAD5144A253E975905F7AA04B0E433.png
Doc,CVC,,0,,Object,1024,1024,21402C47963A4205FAB2FF50C7522FB3.png
Jar,CVC,,0,,Object,1024,1024,32F72393E7A33CACE255766C2F8C3AFD.png
Pig,CVC,,0,,Object,1024,1024,17E98057AA60AA40CD52743686CEEA07.png
Fix,CVC,,0,,Object,1024,1024,8097E2FEF376587991D59E5065D8F0C1.png
Zoo,CVC,,0,,Object,1024,1024,5C5DA0576D9E88F32F36F7C529621BE3.png
Leg,CVC,,0,,Object,1024,1024,12FE7DD6EE07CD2D62977AC995CA41C4.png
Ten,CVC,,0,,Object,1024,1024,012D8C2AA3D637391E72DBE3F7600348.png
Vet,CVC,,0,,Object,1024,1024,03581A69C6F3D90E3ADF54B805D8E49E.png
Wag,CVC,,0,,Object,1024,1024,C649803F40DD424F81980D227F02DEA1.png
Bed,CVC,,0,,Object,1024,1024,0E4264A5F620CD6CC0FD191CB1BFF7D9.png
Pen,CVC,,0,,Object,1024,1024,612992338B3B9BD7586E4961D810043F.png
Fox,CVC,,0,,Object,1024,1024,91197D57A0B612051858A066CBF55DB2.png
Car,CVC,,0,,Object,1024,1024,1D518A39F580D9976609BEE0C20A1D4E.png
Jam,CVC,,0,,Object,1024,1024,76293EF784FE551B1F6AD6C0F73CC1CD.png
Hen,CVC,,0,,Object,1024,1024,3980F0D6D2587C4F3E4A42AE4600B1D6.png
Bug,CVC,,0,,Object,1024,1024,F66BE780C45D2C6D223B6F29B3A883B9.png
Cap,CVC,,0,,Object,1024,1024,F3F57375ECB7DED58DE8985250483F6C.png
Wig,CVC,,0,,Object,1024,1024,0493F14E15124F9C89E4ED67CBA20368.png
Van,CVC,,0,,Object,1024,1024,A4E1E50CC3A722E3577BD557BCDB7BD5.png
Bun,CVC,,0,,Object,1024,1024,F85652A458706527A938AB29CF23D0DA.png
Zip,CVC,,0,,Object,1024,1024,19C19F18B12763281A0316620F05551D.png
Jug,CVC,,0,,Object,1024,1024,4C1A3AEC9414B04D782D2DD9148D789F.png
Ant,CVC,,0,,Object,1024,1024,C7B766125B1F8F4FEF00146F985F82F5.png
Map,CVC,,0,,Object,1024,1024,98CE870CD7FE8764D67C623E014C581D.png
Hut,CVC,,0,,Object,1024,1024,35502C9F15AE90E816CFFA12989E6B7A.png
Lid,CVC,,0,,Object,1024,1024,9A1F3A34B85ECFF14A74BED560721235.png
Fog,CVC,,0,,Object,1024,1024,733BCDD3D590244242050A730976C2C3.png
Nut,CVC,,0,,Object,1024,1024,78AB5110243095EEFB3B45907EA3BD28.png
Rat,CVC,,0,,Object,1024,1024,0875B8A50B742F97FC7780C368B05AD6.png
Gum,CVC,,0,,Object,1024,1024,2C2F9EAF49C4BDBC2EC83D836C087E8F.png
Log,CVC,,0,,Object,1024,1024,9311325547C4149711DD7F44B2D7983B.png
Jet,CVC,,0,,Object,1024,1024,29A7340B06FBFF2E58842136BAED3E47.png
Bin,CVC,,0,,Object,1024,1024,CA53278A9F1EB1C4ED2CAAEBC79D4A8E.png
Kit,CVC,,0,,Object,1024,1024,307CE48D1064207A956EB8F0DF8B9347.png
Cup,CVC,,0,,Object,1024,1024,21B5A2E77C0C7634D69C72B0DB2C6D93.png
Frog,CCVC,,0,,Object,1024,1024,CEBA779A4C56C166C66E6319125F7AF4.png
Drum,CCVC,,0,,Object,1024,1024,DE5BA10A767521E3B17663FA1279129C.png
Flag,CCVC,,0,,Object,1024,1024,CEFA7FC52B63F140FC200992F86F0C26.png
Tree,CCVC,,0,,Object,1024,1024,8F54EFD0C8C7DF6AB83B621857E826C3.png
Crab,CCVC,,0,,Object,1024,1024,6CB1FABD55F4DE9EC64FAF8B70731E3E.png
Slip,CCVC,,0,,Object,1024,1024,C9A9A140D232BEA97494998EC815E562.png
Plug,CCVC,,0,,Object,1024,1024,00676A0A1D5BEBF7DDBE7D1CF9DD323C.png
Duck,CCVC,,0,,Object,1024,1024,DAA97EEB130292C304F1785F774C087E.png
Star,CCVC,,0,,Object,1024,1024,D357207D3BF9D687B2C9535D5D6610EF.png
Step,CCVC,,0,,Object,1024,1024,9752A30726DA2745D545AD5995F60719.png
Spin,CCVC,,0,,Object,1024,1024,334EFD08C1B2246C08B202C9184EFC45.png
Spot,CCVC,,0,,Object,1024,1024,81B1962FBC116BEC7D16E5BA66183D48.png
Stop,CCVC,,0,,Object,1024,1024,BE13C5708978AA48DFAA24AF4784129A.png
Swim,CCVC,,0,,Object,1024,1024,CD1A64B75440EEDF8750EC33BFBAAC83.png
Drop,CCVC,,0,,Object,1024,1024,2FEE27DF5DFF545225D28F5636B19B31.png
Clap,CCVC,,0,,Object,1024,1024,E39460D12F304D41AC9CBF509D3364B8.png
Mask,CCVC,,0,,Object,1024,1024,43BBA4EDDA9E1943315A1033AF9033B3.png
Swing,CCVC,,0,,Object,1024,1024,57D6BDDEA39E64717C9EDE8A0527CCA8.png
Crowd,CCVC,,0,,Object,1024,1024,B8572EDE516B7941E22035D173468278.png
Brick,CCVC,,0,,Object,1024,1024,51C2CB39A57E9638F9E5698297695AF7.png
Clown,CCVC,,0,,Object,1024,1024,67C24026C59D47EA5F1F77D7F4BF663A.png
Shop,CCVC,,0,,Object,1024,1024,6630FB90DA031C8C9288C2A1CEE58A6F.png
Trap,CCVC,,0,,Object,1024,1024,3DC360105CB4A51DE3CB60DABBE77075.png
Plant,CCVC,,0,,Object,1024,1024,B630348E636CCD4995237560EA4B58D6.png
Glow,CCVC,,0,,Object,1024,1024,DDF372BCECDD586E6D9A76A2D2FB27C6.png
Clip,CCVC,,0,,Object,1024,1024,B875268C226D4A3E970DC5831DDAC19A.png
Skid,CCVC,,0,,Object,1024,1024,8173B1185B05B8E4F3D45813D57B1034.png
Plan,CCVC,,0,,Object,1024,1024,D768E680423E79C1372DA3E3F1B9F2EE.png
Snug,CCVC,,0,,Object,1024,1024,7C2D5C4BB473DE0BE7662818C1E7B3CC.png
Truck,CCVC,,0,,Object,1024,1024,48810F09A8E6F6912A11F56A27B8BF8E.png
Stick,CCVC,,0,,Object,1024,1024,541FFA0D386A2619A6381E001D385F3D.png
Grass,CCVC,,0,,Object,1024,1024,460D1CD88327AC10E079A30772FA0994.png
Brush,CCVC,,0,,Object,1024,1024,F5F27647AB671F3DFD9A9D696D805E8A.png
Club,CCVC,,0,,Object,1024,1024,4DC6B9D92B6C9C59AC1DD95639753FDE.png
Frisk,CCVC,,0,,Object,1024,1024,6EBCF84856E69CAD2EB15F6CC5094177.png
Crop,CCVC,,0,,Object,1024,1024,7E5732A31D924510440745A99AECCEE1.png
Desk,CCVC,,0,,Object,1024,1024,65D2BA4B2BDC7468934654AD7556A29E.png
Flip,CCVC,,0,,Object,1024,1024,04DD0BE88612F44129FA16B328752EE9.png
Trip,CCVC,,0,,Object,1024,1024,80AAF74C14692A9B1BC50D6D6B86F0DB.png
Skirt,CCVC,,0,,Object,1024,1024,EFD6E2E3F9084D16EA16B65DEF8851A1.png
Claw,CCVC,,0,,Object,1024,1024,56283EC9EC5382026ACE1FDA9011AEF7.png
Snow,CCVC,,0,,Object,1024,1024,DD058962950A065144185759C7AB13DD.png
Blend,CCVC,,0,,Object,1024,1024,B5C414E6595D10AFC76649EED15D4E80.png
Grip,CCVC,,0,,Object,1024,1024,457793668AA9A177792C35C78CF1DEE8.png
Skin,CCVC,,0,,Object,1024,1024,D556795C872D83C27B6FB95A949D3F31.png
Blow,CCVC,,0,,Object,1024,1024,A604C52EDD9713B5C39DE0130507A86A.png
Duck,CVCC,,0,,Object,1024,1024,02B391022F0663ECF3BD4FC9C0168CFD.png
Milk,CVCC,,0,,Object,1024,1024,EAE5DAFCB8D660221B64BE19C9F521A0.png
Hand,CVCC,,0,,Object,1024,1024,2B5C43F38F1965B859ED0F659028849B.png
Ball,CVCC,,0,,Object,1024,1024,484BCB38E6EBBBB23D562563186B8D7A.png
Lamp,CVCC,,0,,Object,1024,1024,A2F462079A3A9F9FBA5B93611E1A68C7.png
Sock,CVCC,,0,,Object,1024,1024,92918A90ABF884D779E89836E499CC2D.png
Jump,CVCC,,0,,Object,1024,1024,F06656C76C1651C9951D612AC14A422E.png
Fish,CVCC,,0,,Object,1024,1024,1F9BA8F6C48AA2E6A299F0F3CCD62A6B.png
Bell,CVCC,,0,,Object,1024,1024,811CC49AB7EE7FFA17F0059269CE436A.png
Rock,CVCC,,0,,Object,1024,1024,7FC6A13845C70B07952AD5B409B3CF93.png
Pink,CVCC,,0,,Object,1024,1024,AC5C8E3D0606A8FE225D8D83A9643D6D.png
Sand,CVCC,,0,,Object,1024,1024,74A27EE2D94125D6765AA6203BCDC40B.png
Desk,CVCC,,0,,Object,1024,1024,6FA8B16A6F3F67E05B9FC406C875A47B.png
Tent,CVCC,,0,,Object,1024,1024,0C1E9D24EC3CABD2F2492E08567A71C2.png
Corn,CVCC,,0,,Object,1024,1024,F1E62B30CCAC6A90E5D417E56C65162B.png
Wolf,CVCC,,0,,Object,1024,1024,3135A58FCD9C37E17BA68BF0723D7794.png
Bush,CVCC,,0,,Object,1024,1024,B46393854D9A8FBCD7B0BE52DCA03948.png
Pond,CVCC,,0,,Object,1024,1024,24BB004BF1A916EF0C912191AAD8E296.png
Bird,CVCC,,0,,Object,1024,1024,5632CD3420265B78B10D472F1984EEDC.png
Club,CVCC,,0,,Object,1024,1024,DB5CFE62A1D5C8C9E8B1F663261C851E.png
Frog,CVCC,,0,,Object,1024,1024,22BCBE97CBC02E32141F0333DDB754DB.png
Hill,CVCC,,0,,Object,1024,1024,BB26D614F4E6EEE18784DE7E7D7F2E83.png
Ink,CVCC,,0,,Object,1024,1024,94A01086BF4655E95A870D6C48C74FFF.png
Ship,CVCC,,0,,Object,1024,1024,3E86F4193C2BE9AD427A2A908B9BA7EC.png
List,CVCC,,0,,Object,1024,1024,6A4C15927364F8E596412F448751BD0A.png
Sink,CVCC,,0,,Object,1024,1024,D27E6C545D5B59F68771CC9DA29E449E.png
Fast,CVCC,,0,,Object,1024,1024,592E03CDF7276FA8AFD5EA3CDD49DF4D.png
Bank,CVCC,,0,,Object,1024,1024,A9C7C833317BB5C0AF67F51AB6900DCD.png
Soft,CVCC,,0,,Object,1024,1024,8EC8BCB2387B17F4F58555FA16135611.png
Lock,CVCC,,0,,Object,1024,1024,F2AEEB9F6A1E2AD767F9BD9ECD6CA9AE.png
Neck,CVCC,,0,,Object,1024,1024,C4BA0BFA808B9380E61710F0C3D796E3.png
Belt,CVCC,,0,,Object,1024,1024,A9F7303551D574C0A844982BD3E92AE8.png
Mint,CVCC,,0,,Object,1024,1024,49C37315FD4BF72FC417836668733632.png
Lost,CVCC,,0,,Object,1024,1024,9A50EEB02526126AA5406E557DCF9957.png
Bark,CVCC,,0,,Object,1024,1024,B34FD9F0D3559537DC7268B7FCA1A63E.png
Wind,CVCC,,0,,Object,1024,1024,4636CAB3E08B47ED889DB6C29DBBF887.png
Fork,CVCC,,0,,Object,1024,1024,C10FC8336BC6EF376816D347C282C6C8.png
Land,CVCC,,0,,Object,1024,1024,2ECCB9B6A745D13A096304B3EB5BEA76.png
Moss,CVCC,,0,,Object,1024,1024,E548AB33AB6A0945A5130F29FABE4FBF.png
Card,CVCC,,0,,Object,1024,1024,1BB04693BC1F7C09B640A2DC365A2EAA.png
Crab,CVCC,,0,,Object,1024,1024,F78ECCBF4655F9863945DEC51887E3E0.png
Flag,CVCC,,0,,Object,1024,1024,CAFBEDD870A09D56215D763CA6A5EF7F.png
Mask,CVCC,,0,,Object,1024,1024,ACD89E2BD850D4B422DF90C376CD04CA.png
Hold,CVCC,,0,,Object,1024,1024,8215FA4B52874BF7F5453CED6735A916.png
Farm,CVCC,,0,,Object,1024,1024,04096F89E8851558AC1CA15FD09AAC1E.png
Path,CVCC,,0,,Object,1024,1024,B587189630FF456EBC5A84495F3E1EB0.png
Truck,CVCC,,0,,Object,1024,1024,0CBACD4A833A2FE053D4B102D0B430FA.png
Ring,CVCC,,0,,Object,1024,1024,E3064F690F256B50092FCC75C9BC4F3B.png
Drum,CVCC,,0,,Object,1024,1024,0304AFA27DB9648ABBD90B28F904897C.png
Bold,CVCC,,0,,Object,1024,1024,CE52B0CB37C518559963351BCE0E2E47.png
Tusk,CVCC,,0,,Object,1024,1024,F9DDE2564109B553CCBEB805AB0F7298.png
Nest,CVCC,,0,,Object,1024,1024,451F0E6243A63870BB008316DB61D390.png
Park,CVCC,,0,,Object,1024,1024,D37BB66BE07953F0F4F122D10F15B137.png
Hunt,CVCC,,0,,Object,1024,1024,D984056BEDE6A4BF9529C6D6F66FA3F5.png
Risk,CVCC,,0,,Object,1024,1024,EF9989C71236BCC35D2911152E47D549.png
Camp,CVCC,,0,,Object,1024,1024,31E89A99E3F56536FD8F6C69EBECE6AC.png
Luck,CVCC,,0,,Object,1024,1024,0A88892BC3661AFAFAEE0C632097D0EB.png
Gift,CVCC,,0,,Object,1024,1024,0937877C93A36FC7CA1A342232F79221.png
Kick,CVCC,,0,,Object,1024,1024,AECCB8D18C5AC8C27D9D1D58833D857A.png
Plant,CVCC,,0,,Object,1024,1024,2EBED942D0EEBF131FE70FD2D6053A2B.png
Trust,CVCC,,0,,Object,1024,1024,E6C2A1D8F8A824A8D02C92184EF9699F.png
Cake,CVCe,,0,,Object,1024,1024,B9CD7E27F304B8B4F86C44B1512C9030.png
Game,CVCe,,0,,Object,1024,1024,327ECD7996A18BBC7322D396CFE80490.png
Bike,CVCe,,0,,Object,1024,1024,75AE8E143197258D6C5E52B52916C293.png
Kite,CVCe,,0,,Object,1024,1024,62FACE34B8A5E50B16CD01B1AEBED743.png
Home,CVCe,,0,,Object,1024,1024,0280C63E1C0022B9D60AED225CBDC33E.png
Mule,CVCe,,0,,Object,1024,1024,01B9B8B508ADCC7F08DF700B58CD2D19.png
Hike,CVCe,,0,,Object,1024,1024,B7D03E2AD35AD52E7F4BA8505191F4ED.png
Tune,CVCe,,0,,Object,1024,1024,539840D8D8E0DE552FA0C0BFCD72EBEF.png
Cube,CVCe,,0,,Object,1024,1024,A03B5E4CA8939807C9FF2257258B9EB5.png
Nose,CVCe,,0,,Object,1024,1024,DE4B5E02C89D278FC87BC91845A99345.png
Rose,CVCe,,0,,Object,1024,1024,FA3CAA2963922A871C1C6604044FCF7D.png
Date,CVCe,,0,,Object,1024,1024,3F999F38CA602DE1B2479E57DCB50718.png
Bone,CVCe,,0,,Object,1024,1024,21AF46CDE57269C53A6527FB3AA8EC53.png
Face,CVCe,,0,,Object,1024,1024,EC31E8543DE9133ED01EF9D0CB89FFEB.png
Rope,CVCe,,0,,Object,1024,1024,62FDBF2AA8A9A324132B2D7EDA4B986D.png
Dove,CVCe,,0,,Object,1024,1024,F48D8C47E4263D12CC56B70303DBE9F9.png
Cane,CVCe,,0,,Object,1024,1024,5F1CE255F85B46A968EFDCFED32D52F2.png
Hope,CVCe,,0,,Object,1024,1024,322A0B08AF15B52358CDCCB77EF4F9DF.png
Jade,CVCe,,0,,Object,1024,1024,331DD254095CC7C4F7FD2215113BD7AB.png
Rake,CVCe,,0,,Object,1024,1024,A208B83BF0016A0A16A84383ECEEFFF7.png
Lime,CVCe,,0,,Object,1024,1024,B7ADD3FF61CE0F70D050CC1A8CDCBABA.png
Nine,CVCe,,0,,Object,1024,1024,D378F2D755C17C0B568EA43381412FBD.png
Cape,CVCe,,0,,Object,1024,1024,97D957E740D77345A9053DD01AE95BE6.png
Mice,CVCe,,0,,Object,1024,1024,F7C53C9D559273C92494AA08C72C7BCF.png
Gate,CVCe,,0,,Object,1024,1024,2A4FB63A55B6AC5B0CD67C622CE39782.png
Dime,CVCe,,0,,Object,1024,1024,EC2ED2DD91E6F00F4E72427314421D34.png
Hose,CVCe,,0,,Object,1024,1024,1DF423968F9BE68CD6A00B14A6D3EE7E.png
Lake,CVCe,,0,,Object,1024,1024,2E97AAA3B945A3BFBD4C270A8046EA94.png
Pine,CVCe,,0,,Object,1024,1024,F662B759D3812D3E7D5BA31A54001B21.png
Tube,CVCe,,0,,Object,1024,1024,812AE5DE69D0E5C1C3BC48AE05B74D61.png
Vine,CVCe,,0,,Object,1024,1024,2F882CA071CD5B55AA6A37C0F7B8890C.png
Wave,CVCe,,0,,Object,1024,1024,07D31A5FCDD4BB98D1BB0CCCC2860CA9.png
Zone,CVCe,,0,,Object,1024,1024,FC95C59B09EE1E5A84402728BEB089B9.png
Page,CVCe,,0,,Object,1024,1024,D2FA9FFA3AA0C24243CC37B725D10E57.png
Ripe,CVCe,,0,,Object,1024,1024,15EE65C22F4317993CFA7365357AB7BF.png
Time,CVCe,,0,,Object,1024,1024,8C1055142020D170271E394F4373BF79.png
Vase,CVCe,,0,,Object,1024,1024,671805D8A945F7083C540D1DA1D4D668.png
Lone,CVCe,,0,,Object,1024,1024,01D5E914747DEFCB3E59B17B723298B2.png
Ride,CVCe,,0,,Object,1024,1024,BC870DB681C6DE42B994BEE1B51FA131.png
Gaze,CVCe,,0,,Object,1024,1024,1DA853E693C66D7631D36B7AA26EEA0E.png
Wipe,CVCe,,0,,Object,1024,1024,7DCEA1C04CFAB5FB0723516B8386BE2E.png
Joke,CVCe,,0,,Object,1024,1024,98F65077D38D471C189B1F4E30B228BE.png
File,CVCe,,0,,Object,1024,1024,7057D0877B46FE5CDD2D7FD50FAFDDE1.png
Dune,CVCe,,0,,Object,1024,1024,C07532D98AA257FEFC991A6853D8ACFC.png
Robe,CVCe,,0,,Object,1024,1024,A990579AE38C1DC4AEAA48A99E350608.png
Knife,CVCe,,0,,Object,1024,1024,70A3B138FBA9E43FCC5EE77325EB7BAB.png
Grave,CVCe,,0,,Object,1024,1024,4584432F2FAA01FB955EF72DEFFD32A7.png
Pole,CVCe,,0,,Object,1024,1024,67B4AB90E623641992091A2E8512BFB1.png
Fume,CVCe,,0,,Object,1024,1024,B30B579F9E17729E827DFB47F9676E50.png
Gene,CVCe,,0,,Object,1024,1024,CEDC642ACFF6FF17F9001259386DDCAD.png
Mane,CVCe,,0,,Object,1024,1024,9639C77E0A9A638E4DF37EF4AA7E911D.png
Cone,CVCe,,0,,Object,1024,1024,AAE018D30A0BBE076CA10E28602DD512.png
Lane,CVCe,,0,,Object,1024,1024,F199EF24A50826509666CA7BE990168A.png
Duke,CVCe,,0,,Object,1024,1024,513AEA09B9F23FB22F532B0613A39154.png
Life,CVCe,,0,,Object,1024,1024,B2CA77EEEEC5E03B6EF8B5EA117F4A8C.png
Side,CVCe,,0,,Object,1024,1024,70E4C7051DB78A2B82B3FE549767902E.png
Lobe,CVCe,,0,,Object,1024,1024,4A46FFDD9F42CD03FBB077685DD17627.png
Hive,CVCe,,0,,Object,1024,1024,2194B63F89481C276F1692831458C351.png
Fame,CVCe,,0,,Object,1024,1024,C9D32D573E8A88968D7F00F967317097.png
Sale,CVCe,,0,,Object,1024,1024,481AF2E77F97BFE2DFAB254F5891D786.png
Boat,Diphthong,,0,,Object,1024,1024,32D573EA8156EBCB02EF305433490246.png
Coin,Diphthong,,0,,Object,1024,1024,9E391CF53959226EA0441D7724331D5F.png
Bait,Diphthong,,0,,Object,1024,1024,72BBA51A0FCD8C97FF1DF5B3B1FBDB0B.png
House,Diphthong,,0,,Object,1024,1024,12922BCE631787483D49471F36F4D6CD.png
Mouse,Diphthong,,0,,Object,1024,1024,AEF69BCE808BAF10CEC8DAD13018F5A5.png
Juice,Diphthong,,0,,Object,1024,1024,70703D1597520524ACC9CA728D9E934C.png
Toy,Diphthong,,0,,Object,1024,1024,766DB0AE156931C964CDCB18F38ADF8F.png
Boy,Diphthong,,0,,Object,1024,1024,DAF14E575C9633D5B15B374B878EA994.png
Egg,Diphthong,,0,,Object,1024,1024,09B0CF82A84E7095A7805FDE3F51E4C5.png
Bear,Diphthong,,0,,Object,1024,1024,CC36F4F213C7472D0DBED72B892A52D4.png
Hair,Diphthong,,0,,Object,1024,1024,008A0E9D5CA9FF5B08FCC600787FBE80.png
Chair,Diphthong,,0,,Object,1024,1024,8FED92895E83061A5B4983129EEDCFA3.png
Rain,Diphthong,,0,,Object,1024,1024,767FCF642D9F8F64D9BE3A294031F50B.png
Cloud,Diphthong,,0,,Object,1024,1024,F693B6F3BF11ACE827CC0511E3B17C27.png
Train,Diphthong,,0,,Object,1024,1024,0A9E1F85F75A74A202B29F0AB874481A.png
Goat,Diphthong,,0,,Object,1024,1024,6BC47FED7F34DE9715077817BBF7A8FF.png
Towel,Diphthong,,0,,Object,1024,1024,005CFDCA1629E7F364FCF9601318705C.png
Cake,Diphthong,,0,,Object,1024,1024,E49D890D039B88BECFB611DA8F1B8BC1.png
Joy,Diphthong,,0,,Object,1024,1024,87D75AA4B27F0FDFB76D114E4CB3786E.png
Snow,Diphthong,,0,,Object,1024,1024,60E874D6579A60F485E080F4BB99EA26.png
Foil,Diphthong,,0,,Object,1024,1024,DE07CFD09D9C980998A8227C3567ED70.png
Nose,Diphthong,,0,,Object,1024,1024,CCE2F22D83420FB80C11058A08F87313.png
Poem,Diphthong,,0,,Object,1024,1024,7693815E0A624A2B3699B142814C0881.png
Coat,Diphthong,,0,,Object,1024,1024,26302F0800204CFC5621919D91A00FCC.png
Rope,Diphthong,,0,,Object,1024,1024,8D078A14E7CBDD8130D0546AC01CB7A5.png
Soap,Diphthong,,0,,Object,1024,1024,AD93061083944682DB9FCAB660E1F668.png
Bird,Diphthong,,0,,Object,1024,1024,7CD40704CA310E95F920230E0493E079.png
Meal,Diphthong,,0,,Object,1024,1024,CC20FD2B9C9F3BEC8F54F32D579428B5.png
Goal,Diphthong,,0,,Object,1024,1024,C38932B343B91D9E9A10D405559049D8.png
Sea,Diphthong,,0,,Object,1024,1024,6D5422FFDE6FC7B305A7D4DB77150CEA.png
Sheep,Digraph,,0,,Object,1024,1024,C20EA5CDE7133B5DE3694DED0958EFC9.png
Chair,Digraph,,0,,Object,1024,1024,4C15F52B71BB309D201E8215B46ED378.png
Whale,Digraph,,0,,Object,1024,1024,040233BD9F8438EF69056BD19B5E1943.png
Ghost,Digraph,,0,,Object,1024,1024,93B02C6C27EB7B6FD9CA80D767ABC939.png
Chain,Digraph,,0,,Object,1024,1024,4679219A654266EEBFF7092F78E9C072.png
Shower,Digraph,,0,,Object,1024,1024,9309405D72CE6E614386BBD1B99EF68C.png
Shoe,Digraph,,0,,Object,1024,1024,0A29513732915D10D55FCD3C372C656E.png
Phone,Digraph,,0,,Object,1024,1024,10EB5C77A78E824C9E26C652F7C945B5.png
Chalk,Digraph,,0,,Object,1024,1024,64ADC8728573F52434DB640C9D3236C8.png
Thumb,Digraph,,0,,Object,1024,1024,18465DAD15918E0C88D6E7BC764FA1CE.png
Tooth,Digraph,,0,,Object,1024,1024,C8BC3F158B81C9EB1265CE7F0371AE47.png
Peach,Digraph,,0,,Object,1024,1024,F51ED5DE5EDA542A0DE64BD7EF546A93.png
Graph,Digraph,,0,,Object,1024,1024,8BD16B94DEFAC97FAF0162A75950C696.png
Cheese,Digraph,,0,,Object,1024,1024,730AB747EB2948FCDDDB1504556BBC2F.png
Cherry,Digraph,,0,,Object,1024,1024,0A648A47CFDC2D8CBA5B4959C16CD2EC.png
Thread,Digraph,,0,,Object,1024,1024,EF75E7299839621A17E97ED8A8A01E8C.png
Thief,Digraph,,0,,Object,1024,1024,D333DA368558CAABD58FF7FF79DC4C10.png
Wheat,Digraph,,0,,Object,1024,1024,C8814048D9817BF12A718B2CA44CBC0B.png
Phase,Digraph,,0,,Object,1024,1024,39A0780CBFFE52B635DE04EBB7714AA6.png
Shell,Digraph,,0,,Object,1024,1024,FD43A44DA0B541531EA631358D277086.png
Cheek,Digraph,,0,,Object,1024,1024,769B6B6EFD280DA3B9CF9A7477D73E6A.png
Throat,Digraph,,0,,Object,1024,1024,07BF4C317A797892D5B8646E87C5E616.png
Photograph,Digraph,,0,,Object,1024,1024,B2EAA0C5872450437DDC7204F2E4B291.png
Dolphin,Digraph,,0,,Object,1024,1024,087BE89C7A905825C3B5E151A0AC7E9C.png
Elephant,Digraph,,0,,Object,1024,1024,B642EEFEE540A5079C8935D85DF54E93.png
Rhino,Digraph,,0,,Object,1024,1024,BEB0CB75418FCB14D2CC902850B78C32.png
Sphere,Digraph,,0,,Object,1024,1024,3FBD6A7043381A9DBF542554997617A0.png
Whisk,Digraph,,0,,Object,1024,1024,42ABC3A0D7806FEF236124E69D7F458D.png
Light,Digraph,,0,,Object,1024,1024,970CAE2A1720FA845C0FCCF5BD05F881.png
Flight,Digraph,,0,,Object,1024,1024,577537DE1EC3B1424182D8F8C170271D.png
Milk,WordsStartingWithLetters,,0,m,Object,1024,1024,B0E89EF8310026CBE26DDDB6F8F0AFDD.png
Quick,WordsStartingWithLetters,,0,q,Object,1024,1024,CAE4495AD09FCD518D2BBAB79A0D3770.png
Peach,WordsStartingWithLetters,,0,P,Object,1024,1024,2B94534A4D620DED99D4CB434D3023D8.png
Panda,WordsStartingWithLetters,,0,P,Object,1024,1024,4FA00A9CB193BBE7EC1B4F5DA8985BE0.png
Penny,WordsStartingWithLetters,,0,P,Object,1024,1024,CEABAEE9F7A8DA1029AB3FB1B99C8E37.png
Plant,WordsStartingWithLetters,,0,P,Object,1024,1024,3D46C7AF2A85C47B44A4A6411740A056.png
Plate,WordsStartingWithLetters,,0,P,Object,1024,1024,ABC48C3CA8FD8B3089DAEE221D517BC1.png
Quilt,WordsStartingWithLetters,,0,Q,Object,1024,1024,A6B3276EEDDA06D5A257E1972760E71F.png
Quiz,WordsStartingWithLetters,,0,Q,Object,1024,1024,7B270B669959C2F36E43646F1021CD4A.png
Quail,WordsStartingWithLetters,,0,Q,Object,1024,1024,EB524206144F30696F5B4C43622F2732.png
Quad,WordsStartingWithLetters,,0,Q,Object,1024,1024,3E555722542ABF2F80A1C7BBD16A61F3.png
Quartz,WordsStartingWithLetters,,0,Q,Object,1024,1024,5B32C8419AD397814FE923CB78D867D1.png
Map,WordsStartingWithLetters,,0,M,Object,1024,1024,17C9817EAE968057FE92B8E34112C2F4.png
Mug,WordsStartingWithLetters,,0,M,Object,1024,1024,CF15DB9D874EC7F669A600F62AD649D4.png
Mat,WordsStartingWithLetters,,0,M,Object,1024,1024,8D9836060051748167851E2CAD9E7BB6.png
Mop,WordsStartingWithLetters,,0,M,Object,1024,1024,8E16597FF9A00D704C35E17B1100F684.png
Mint,WordsStartingWithLetters,,0,M,Object,1024,1024,7B77633477D85CFC8849931E96D70DCD.png
Notch,WordsStartingWithLetters,,0,N,Object,1024,1024,BE4E5A5E235815ECD8D2BC5FBD101B4F.png
Nanny,WordsStartingWithLetters,,0,N,Object,1024,1024,51BD882744EEA24601A7E52296288244.png
Nickel,WordsStartingWithLetters,,0,N,Object,1024,1024,887553855F8C02C587C28D978249B5DD.png
Bee,WordsStartingWithLetters,,0,B,Object,1024,1024,BB9D791364941A8D8EDB63ABD24965AE.png
Book,WordsStartingWithLetters,,0,B,Object,1024,1024,2C293CBB4A4E20B166AADE9DE647D8AC.png
Brick,WordsStartingWithLetters,,0,B,Object,1024,1024,541F2646D468BF29726DF8745BF1F889.png
Boat,WordsStartingWithLetters,,0,B,Object,1024,1024,30AD3111E23832498F63E7198114BD10.png
Bus,WordsStartingWithLetters,,0,B,Object,1024,1024,A7A461208E0999FA5D74A5B49642C952.png
Dress,WordsStartingWithLetters,,0,D,Object,1024,1024,49D78B5577EFC5E2C16CA4FFFFACEFDB.png
Drum,WordsStartingWithLetters,,0,D,Object,1024,1024,4A64E2405C2DEC844C0E2AA39D984F19.png
Deer,WordsStartingWithLetters,,0,D,Object,1024,1024,242B1D02FF6D9F80A083788C035E2A13.png
Donut,WordsStartingWithLetters,,0,D,Object,1024,1024,00C2190ABF605689591745F38B17AEF3.png
Desk,WordsStartingWithLetters,,0,D,Object,1024,1024,249E09F570FCC491FAE46ED16425EBFA.png
Horn,WordsStartingWithLetters,,0,H,Object,1024,1024,8CC6C2E50C7C91E82FE84995E48FC4F1.png
Hive,WordsStartingWithLetters,,0,H,Object,1024,1024,8164C3219B5A6462EFB9F88E1F7B94FF.png
Herb,WordsStartingWithLetters,,0,H,Object,1024,1024,F63645FC4294130BFD069A83094F821B.png
Hill,WordsStartingWithLetters,,0,H,Object,1024,1024,A4DD82389D24B1EBC88ECE627C1536D9.png
Hare,WordsStartingWithLetters,,0,H,Object,1024,1024,5F6DDBFB74F861CC9F08C5E907240F18.png
Ink,WordsStartingWithLetters,,0,I,Object,1024,1024,17DB58D069D97C9EBD0BE8CB8866FC9D.png
Iris,WordsStartingWithLetters,,0,I,Object,1024,1024,905822659CBFFE8B3500C1B7722BB5B4.png
Iron,WordsStartingWithLetters,,0,I,Object,1024,1024,80C46D619742A6C26E2433F588B00C78.png
Idol,WordsStartingWithLetters,,0,I,Object,1024,1024,8154AFA900BBB5D91822D5D1C1B45DF7.png
Image,WordsStartingWithLetters,,0,I,Object,1024,1024,1538891A4EC23120EAA0A12135B81070.png
Jam,WordsStartingWithLetters,,0,J,Object,1024,1024,3FEDB5FFC72E0297BC8182673421EFAC.png
Jar,WordsStartingWithLetters,,0,J,Object,1024,1024,CA0FDE45E43D4C682D27FA1FB45D9571.png
Jet,WordsStartingWithLetters,,0,J,Object,1024,1024,678FB82CD4EAF0BEB208A6A29EF1F4E6.png
Jig,WordsStartingWithLetters,,0,J,Object,1024,1024,F9F0E24D44144462828246C5018FF1E0.png
Jeep,WordsStartingWithLetters,,0,J,Object,1024,1024,F15035CAF21F3826188F2DB119C47B1B.png
Fox,WordsStartingWithLetters,,0,F,Object,1024,1024,C73786A647A4C9B6D16A48E1951A034A.png
Fan,WordsStartingWithLetters,,0,F,Object,1024,1024,D48C90C490DC339277AB73407210B48E.png
Flag,WordsStartingWithLetters,,0,F,Object,1024,1024,D26E64102D7CD5360D0A8DABC6323DC7.png
Fork,WordsStartingWithLetters,,0,F,Object,1024,1024,52F3E5874DB9C865873FC95ADE7B72E2.png
Foot,WordsStartingWithLetters,,0,F,Object,1024,1024,7F159A3FD88E46A427DDF8E75916524C.png
Tiger,WordsStartingWithLetters,,0,T,Object,1024,1024,0E9B1E682F898CFE9DB7E62F5D7CC459.png
Tree,WordsStartingWithLetters,,0,T,Object,1024,1024,4757E397299C95271DA81348FBF92EB1.png
Tub,WordsStartingWithLetters,,0,T,Object,1024,1024,B7EA06FB63944A1F1C409C2E98CFEA4A.png
Towel,WordsStartingWithLetters,,0,T,Object,1024,1024,76352BDC17E0C03788C7079937C175CF.png
Top,WordsStartingWithLetters,,0,T,Object,1024,1024,3DC32F124A78456694F2C4A4FBDDBAFC.png
Wagon,WordsStartingWithLetters,,0,W,Object,1024,1024,90E5AFC025F9F77D91A836ABAF7CCEBE.png
Watch,WordsStartingWithLetters,,0,W,Object,1024,1024,9A908FD4F2D03179FC75FF4357263CAE.png
Witch,WordsStartingWithLetters,,0,W,Object,1024,1024,ADF665C7D608A39923803052C74EC6AE.png
Wind,WordsStartingWithLetters,,0,W,Object,1024,1024,93ED18BA738AA7E00BA331DBA6F00E0A.png
Wife,WordsStartingWithLetters,,0,W,Object,1024,1024,B405D3CADDDCAAFADE2EA7C4DB111BDE.png
